timestamp,cpu[%],ram[MB],app_write[MB],sys_write[KBs],IO_Wait,net_rtt[ms]
16:54:30,0.1,24.09,.07,0.00,0.0,4.458
16:54:33,0.1,24.15,.07,236.00,0.0,4.458
16:54:36,0.1,24.20,.07,7156.00,0.0,3.912
16:54:40,0.1,24.22,.07,4.00,0.0,3.912
16:54:43,0.1,24.25,.07,0.00,0.0,3.912
16:54:46,0.1,24.26,.07,0.00,0.0,3.912
16:54:50,0.1,24.29,.07,28.00,0.0,3.912
16:54:53,0.1,24.30,.07,76.00,0.0,3.912
16:54:56,0.2,26.42,.07,0.00,0.0,3.912
16:55:00,0.2,26.43,.07,0.00,0.0,3.912
16:55:03,0.2,26.46,.07,0.00,0.0,3.912
16:55:06,0.4,34.48,4.10,6221.78,0.0,13.9695
16:55:10,0.5,34.55,4.10,436.00,0.0,13.9647
16:55:13,0.6,34.94,4.10,2016.00,0.0,13.9647
16:55:16,0.6,35.45,4.10,0.00,0.0,13.9647
16:55:20,0.7,36.24,4.10,220.00,0.0,13.9647
16:55:23,0.7,37.02,4.10,0.00,0.0,13.9647
16:55:26,0.7,37.63,4.10,76.00,0.0,13.9647
16:55:30,0.8,38.16,4.10,228.00,0.0,13.9647
16:55:33,0.8,38.79,4.10,0.00,0.0,13.9647
16:55:36,0.8,39.46,8.00,13612.00,0.0,13.9647
16:55:40,0.8,41.24,8.00,0.00,0.0,13.9606
16:55:43,0.9,41.30,8.16,76.00,0.0,13.9606
16:55:46,0.9,41.42,9.45,0.00,0.7,13.9606
16:55:50,0.9,41.54,9.96,60.00,0.0,13.9606
16:55:53,0.9,41.58,9.96,0.00,0.0,13.9606
16:55:56,0.9,41.63,9.96,0.00,0.0,13.9606
16:56:00,0.9,41.69,9.96,428.00,0.0,13.9606
16:56:03,1.0,41.73,9.96,0.00,0.0,13.9606
16:56:07,1.0,41.80,13.86,14580.00,0.0,19.9046
16:56:10,1.0,41.16,13.86,164.00,0.0,19.9009
16:56:13,1.0,41.00,13.86,0.00,0.0,19.9009
16:56:17,1.0,41.00,13.86,0.00,0.0,19.9009
16:56:20,1.0,41.00,13.86,72.00,0.0,19.9009
16:56:23,1.0,41.00,13.86,0.00,0.0,19.9009
16:56:27,1.1,41.04,13.86,0.00,0.0,19.9009
16:56:30,1.1,41.05,13.86,1628.00,0.0,19.9009
16:56:33,1.1,41.06,13.86,76.00,0.0,19.9009
16:56:37,1.1,41.07,13.86,12012.00,0.0,19.9009
16:56:40,1.1,41.10,17.77,0.00,0.0,19.9009
16:56:43,1.1,41.91,17.77,0.00,0.0,19.9009
16:56:47,1.1,41.91,17.77,4.00,0.0,19.8977
16:56:50,1.1,41.94,17.77,76.00,0.0,19.8977
16:56:53,1.1,41.94,17.77,0.00,0.0,19.8977
16:56:57,1.1,41.94,17.77,0.00,0.0,19.8977
16:57:00,1.2,41.94,17.77,0.00,0.0,19.8977
16:57:03,1.2,41.94,17.89,0.00,0.0,19.8977
16:57:07,1.2,41.96,19.14,5768.00,0.0,28.8813
16:57:10,1.2,41.98,23.47,72.00,0.0,28.8813
16:57:13,1.2,42.41,23.47,0.00,0.0,28.8813
16:57:17,1.2,42.64,23.47,892.00,0.0,28.8785
16:57:20,1.2,42.65,23.47,120.00,0.0,28.8785
16:57:23,1.2,42.67,23.47,80.00,0.7,28.8785
16:57:27,1.2,42.67,23.47,156.00,0.0,28.8785
16:57:30,1.2,42.67,23.47,0.00,0.0,28.8785
16:57:33,1.2,42.68,23.47,0.00,0.0,28.8785
16:57:37,1.2,42.71,23.47,12032.00,0.0,28.8785
16:57:40,1.2,42.73,27.38,80.00,0.0,28.8785
16:57:43,1.2,42.73,27.38,4.00,0.0,28.8785
16:57:47,1.2,43.22,27.38,0.00,0.0,28.8785
16:57:50,1.2,43.22,27.38,0.00,0.0,28.8761
16:57:54,1.2,43.23,27.38,280.00,0.0,28.8761
16:57:57,1.3,43.23,27.38,0.00,1.4,28.8761
16:58:00,1.2,43.23,27.38,72.00,0.0,28.8761
16:58:04,1.3,43.23,27.38,1572.00,0.0,28.8761
16:58:07,1.3,43.23,27.38,0.00,0.7,31.1856
16:58:10,1.3,43.25,31.28,0.00,0.0,31.1856
16:58:14,1.3,43.25,31.28,0.00,0.0,31.1856
16:58:17,1.3,43.64,31.32,80.00,0.0,31.1856
16:58:20,1.3,44.96,31.32,0.00,0.0,31.1856
16:58:24,1.3,44.98,31.32,0.00,0.0,31.1856
16:58:27,1.3,45.00,31.32,0.00,0.0,31.1836
16:58:30,1.3,45.05,31.32,76.00,0.0,31.1836
16:58:34,1.3,45.11,31.32,80.00,0.0,31.1836
16:58:37,1.3,45.15,31.32,0.00,0.0,31.1836
16:58:40,1.3,45.15,35.23,0.00,0.0,31.1836
16:58:44,1.3,45.16,35.23,8.00,0.7,31.1836
16:58:47,1.3,45.26,35.23,68.00,0.0,31.1836
16:58:50,1.3,45.28,35.23,308.00,0.0,31.1836
16:58:54,1.3,45.35,35.23,0.00,0.0,31.1817
16:58:57,1.3,45.51,35.23,232.00,0.0,31.1817
16:59:00,1.3,46.63,35.23,0.00,0.0,31.1817
16:59:04,1.4,46.65,35.23,0.00,0.0,31.1817
16:59:07,1.4,46.68,35.23,1656.00,0.0,33.4544
16:59:10,1.4,46.68,35.23,2508.00,0.7,33.4544
16:59:14,1.4,46.69,39.14,0.00,0.0,33.4544
16:59:17,1.4,46.69,39.14,0.00,0.0,33.4544
16:59:20,1.4,46.69,39.14,156.00,0.0,33.4544
16:59:24,1.4,46.77,39.14,76.00,0.0,33.4527
16:59:27,1.4,46.77,39.14,0.00,0.0,33.4527
16:59:31,1.4,46.77,39.14,0.00,0.0,33.4527
16:59:34,1.4,46.77,39.14,0.00,0.0,33.4527
16:59:37,1.4,46.85,39.14,0.00,0.0,33.4527
16:59:41,1.4,46.85,39.14,4348.00,0.0,33.4527
16:59:44,1.4,46.85,43.20,0.00,0.0,33.4527
16:59:47,1.4,46.85,43.35,48.00,0.0,33.4527
16:59:51,1.4,46.85,45.00,76.00,0.0,33.4527
16:59:54,1.4,46.85,45.00,0.00,0.7,33.4527
16:59:57,1.4,46.85,45.00,308.00,0.0,33.4527
17:00:01,1.4,46.85,45.00,72.00,0.0,33.4513
17:00:04,1.4,46.85,45.00,0.00,0.0,33.4513
17:00:07,1.4,46.85,45.00,0.00,0.0,35.0393
17:00:11,1.4,46.87,45.03,9324.00,0.0,35.0393
17:00:14,1.4,46.92,48.94,152.00,0.0,35.0393
17:00:17,1.5,47.26,48.94,160.00,0.0,35.0393
17:00:21,1.5,47.26,48.94,0.00,0.0,35.0393
17:00:24,1.5,47.26,48.94,0.00,0.0,35.0393
17:00:27,1.5,47.26,48.94,0.00,0.0,35.0393
17:00:31,1.5,47.26,48.94,0.00,0.0,35.0393
17:00:34,1.5,47.26,48.94,72.00,0.0,35.038
17:00:37,1.5,47.26,48.94,0.00,0.0,35.038
17:00:41,1.5,47.26,48.94,12368.00,0.0,35.038
17:00:44,1.5,47.27,50.89,156.00,0.0,35.038
17:00:47,1.5,47.27,50.89,276.00,0.0,35.038
17:00:51,1.5,47.27,52.85,76.00,0.0,35.038
17:00:54,1.5,47.27,52.85,120.00,0.0,35.038
17:00:57,1.5,47.27,52.85,244.00,0.0,35.038
17:01:01,1.5,47.53,52.85,0.00,0.0,35.038
17:01:04,1.5,46.69,52.85,80.00,0.0,35.038
17:01:07,1.5,46.69,52.96,0.00,0.0,37.1036
17:01:11,1.5,46.69,54.80,0.00,0.0,37.1025
17:01:14,1.5,46.69,56.75,0.00,0.0,37.1025
17:01:18,1.5,46.70,56.75,400.00,0.0,37.1025
17:01:21,1.5,46.70,58.71,0.00,0.0,37.1025
17:01:24,1.5,46.70,58.71,72.00,0.0,37.1025
17:01:28,1.5,46.70,58.71,0.00,0.7,37.1025
17:01:31,1.5,46.70,58.71,0.00,0.0,37.1025
17:01:34,1.5,46.70,58.71,0.00,0.0,37.1025
17:01:38,1.5,46.70,58.71,0.00,0.0,37.1025
17:01:41,1.5,46.70,58.71,80.00,0.0,37.1015
17:01:44,1.5,46.71,58.71,1644.00,0.0,37.1015
17:01:48,1.5,46.84,60.66,0.00,0.0,37.1015
17:01:51,1.5,46.84,62.61,8.00,0.0,37.1015
17:01:54,1.5,46.85,62.61,236.00,0.0,37.1015
17:01:58,1.5,46.87,62.61,308.00,0.0,37.1015
17:02:01,1.5,46.92,62.61,0.00,0.7,37.1015
17:02:04,1.5,46.94,62.61,0.00,0.0,37.1015
17:02:08,1.5,46.95,62.61,0.00,0.0,45.865
17:02:11,1.5,46.95,62.61,0.00,0.0,45.8641
17:02:14,1.5,46.95,62.61,272.00,0.0,45.8641
17:02:18,1.5,46.95,64.57,0.00,0.0,45.8641
17:02:21,1.5,46.95,66.52,0.00,0.0,45.8641
17:02:24,1.5,46.95,66.52,76.00,0.0,45.8641
17:02:28,1.5,46.95,66.52,0.00,0.0,45.8641
17:02:31,1.5,46.95,66.52,2828.00,0.0,45.8641
17:02:34,1.5,46.95,66.52,8.00,0.7,45.8641
17:02:38,1.5,46.96,66.52,0.00,0.0,45.8641
17:02:41,1.5,46.96,66.52,0.00,0.0,45.8641
17:02:44,1.5,46.96,66.52,276.00,0.0,45.8634
17:02:48,1.5,46.96,68.47,76.00,0.0,45.8634
17:02:51,1.5,46.96,68.47,0.00,0.0,45.8634
17:02:55,1.5,46.96,68.47,32.00,0.0,45.8634
17:02:58,1.5,46.96,70.42,240.00,0.0,45.8634
17:03:01,1.5,46.96,70.42,0.00,0.0,45.8634
17:03:05,1.5,46.96,70.42,192.00,0.0,45.8634
17:03:08,1.5,46.96,70.42,0.00,0.0,46.8197
17:03:11,1.5,47.01,70.42,0.00,0.0,46.8197
17:03:15,1.5,47.14,70.42,36.00,0.0,46.8191
17:03:18,1.5,47.14,72.38,68.00,0.0,46.8191
17:03:21,1.5,47.15,72.38,76.00,0.0,46.8191
17:03:25,1.5,47.15,72.38,108.00,0.0,46.8191
17:03:28,1.5,47.15,72.38,0.00,0.0,46.8191
17:03:31,1.5,47.15,72.38,276.00,0.0,46.8191
17:03:35,1.5,47.15,74.33,35.64,0.0,46.8191
17:03:38,1.5,47.15,74.33,80.00,0.0,46.8191
17:03:41,1.5,47.15,74.33,0.00,0.7,46.8191
17:03:45,1.5,47.15,74.33,36.00,0.0,46.8191
17:03:48,1.5,47.15,76.44,0.00,0.0,46.8191
17:03:51,1.5,47.15,77.77,0.00,0.0,46.8185
17:03:55,1.5,47.15,78.24,44.00,0.0,46.8185
17:03:58,1.5,46.56,78.24,0.00,0.0,46.8185
17:04:01,1.5,46.56,78.24,268.00,0.0,46.8185
17:04:05,1.5,46.56,80.19,2500.00,0.0,46.8185
17:04:08,1.5,46.56,80.19,0.00,0.0,47.3554
17:04:11,1.5,46.56,80.19,76.00,0.0,47.3554
17:04:15,1.5,46.56,80.19,236.00,0.0,47.3554
17:04:18,1.5,46.56,82.14,0.00,0.0,47.3554
17:04:21,1.5,46.56,82.14,0.00,0.0,47.3554
17:04:25,1.5,46.56,82.14,0.00,0.0,47.3549
17:04:28,1.5,46.56,82.14,76.00,0.0,47.3549
17:04:31,1.5,46.56,82.14,72.00,0.0,47.3549
17:04:35,1.5,46.56,84.10,2932.00,0.0,47.3549
17:04:38,1.5,46.56,84.10,676.00,0.0,47.3549
17:04:42,1.5,46.98,84.10,0.00,0.0,47.3549
17:04:45,1.5,47.15,84.10,24.00,0.0,47.3549
17:04:48,1.5,47.16,84.10,200.00,0.0,47.3549
17:04:52,1.5,47.16,86.05,1752.00,0.0,47.3549
17:04:55,1.5,47.16,86.05,24.00,0.0,47.3549
17:04:58,1.5,47.16,86.05,16.00,0.0,47.3549
17:05:02,1.5,47.16,86.05,0.00,0.0,47.3545
17:05:05,1.5,47.16,88.00,96.00,0.0,47.3023
17:05:08,1.5,47.16,88.12,0.00,0.0,47.3023
17:05:12,1.5,47.16,88.43,0.00,0.0,47.3023
17:05:15,1.5,47.16,89.96,24.00,0.0,47.3023
17:05:18,1.5,47.16,89.96,281.19,0.0,47.3023
17:05:22,1.5,47.33,91.91,76.00,0.0,47.3023
17:05:25,1.5,47.33,91.91,24.00,0.0,47.3023
17:05:28,1.5,47.33,91.91,4.00,0.0,47.3023
17:05:32,1.5,47.33,91.91,0.00,0.0,47.3023
17:05:35,1.5,47.33,93.86,24.00,0.0,47.302
17:05:38,1.5,47.33,93.86,0.00,0.7,47.302
17:05:42,1.5,47.33,93.86,0.00,0.0,47.302
17:05:45,1.5,47.33,93.86,28.00,0.0,47.302
17:05:48,1.5,47.33,93.86,0.00,0.0,47.302
17:05:52,1.5,47.33,95.82,0.00,0.0,47.302
17:05:55,1.5,47.33,95.82,100.00,0.0,47.302
17:05:58,1.5,47.33,95.82,0.00,0.7,47.302
17:06:02,1.5,47.33,95.82,0.00,0.0,47.302
17:06:05,1.5,46.72,95.82,296.00,0.0,47.6514
17:06:08,1.5,46.82,97.77,76.00,0.0,47.6514
17:06:12,1.5,46.85,97.77,84.00,0.0,47.651
17:06:15,1.5,46.93,97.77,28.00,0.0,47.651
17:06:18,1.5,46.98,97.77,0.00,0.0,47.651
17:06:22,1.5,47.01,99.72,0.00,0.0,47.651
17:06:25,1.5,47.04,99.72,1700.00,0.0,47.651
17:06:28,1.5,47.06,99.72,0.00,0.0,47.651
17:06:32,1.5,47.06,99.72,0.00,0.0,47.651
17:06:35,1.5,47.06,99.72,228.00,0.0,47.651
17:06:39,1.5,47.06,101.67,12.00,0.0,47.651
17:06:42,1.5,47.06,101.67,0.00,0.0,47.651
17:06:45,1.5,47.06,101.67,100.00,0.0,47.6507
17:06:49,1.5,47.06,101.67,72.00,0.0,47.6507
17:06:52,1.5,46.67,101.67,0.00,0.0,47.6507
17:06:55,1.5,46.67,103.63,32.00,0.0,47.6507
17:06:59,1.5,46.67,103.63,0.00,0.0,47.6507
17:07:02,1.5,46.67,103.63,80.00,0.0,47.6507
17:07:05,1.5,46.67,103.63,32.00,0.0,49.5037
17:07:09,1.5,46.67,105.58,0.00,0.7,49.5037
17:07:12,1.5,46.67,105.58,2848.00,0.0,49.5037
17:07:15,1.5,46.67,105.58,32.00,0.0,49.5037
17:07:19,1.5,46.67,105.58,972.00,0.0,49.5037
17:07:22,1.5,46.67,105.58,0.00,0.0,49.5034
17:07:25,1.5,46.67,107.53,32.00,0.0,49.5034
17:07:29,1.5,46.67,107.53,0.00,0.0,49.5034
17:07:32,1.5,46.68,107.53,4.00,0.0,49.5034
17:07:35,1.5,46.96,107.53,104.00,0.0,49.5034
17:07:39,1.5,46.97,109.49,72.00,0.0,49.5034
17:07:42,1.5,46.97,109.49,0.00,0.0,49.5034
17:07:45,1.5,46.97,109.49,32.00,0.0,49.5034
17:07:49,1.5,47.03,109.53,0.00,0.0,49.5034
17:07:52,1.5,47.04,110.07,340.00,0.0,49.5032
17:07:55,1.5,47.04,113.35,32.00,0.7,49.5032
17:07:59,1.5,47.04,113.35,0.00,0.0,49.5032
17:08:02,1.5,47.04,113.35,8.00,0.0,49.5032
17:08:05,1.5,47.04,113.35,32.00,0.0,50.2698
17:08:09,1.5,47.04,113.35,76.00,0.0,50.2698
17:08:12,1.5,47.04,115.31,60.00,0.0,50.2698
17:08:15,1.5,47.04,115.31,36.00,0.0,50.2698
17:08:19,1.5,47.62,115.31,13996.00,0.0,50.2698
17:08:22,1.5,47.68,115.31,0.00,0.0,50.2698
17:08:25,1.5,47.68,117.26,108.00,0.0,50.2696
17:08:29,1.5,47.68,117.26,72.00,0.0,50.2696
17:08:32,1.5,47.69,117.26,0.00,0.0,50.2696
17:08:35,1.5,47.69,117.26,36.00,0.0,50.2696
17:08:39,1.5,47.69,117.26,0.00,0.0,50.2696
17:08:42,1.5,47.69,117.26,76.00,0.0,50.2696
17:08:45,1.5,47.69,119.21,3348.00,0.0,50.2696
17:08:49,1.5,47.69,119.21,11344.00,0.0,50.2696
17:08:52,1.5,47.69,119.21,0.00,0.0,50.2696
17:08:56,1.5,47.69,121.17,0.00,0.0,50.2696
17:08:59,1.6,47.69,121.17,76.00,0.0,50.2694
17:09:02,1.6,46.71,121.17,0.00,0.7,50.2694
17:09:06,1.6,46.87,121.17,580.00,0.0,50.3649
17:09:09,1.6,46.91,121.17,0.00,0.0,50.3649
17:09:12,1.6,46.91,121.28,0.00,0.0,50.3649
17:09:16,1.6,46.91,124.80,0.00,0.0,50.3649
17:09:19,1.6,46.91,124.96,12696.00,0.0,50.3649
17:09:22,1.6,46.91,124.96,0.00,0.0,50.3649
17:09:26,1.6,46.91,126.91,0.00,0.0,50.3649
17:09:29,1.6,46.91,126.91,160.00,0.0,50.3648
17:09:32,1.6,46.91,126.91,76.00,0.0,50.3648
17:09:36,1.6,46.91,126.91,76.00,0.0,50.3648
17:09:39,1.6,46.91,126.91,0.00,0.0,50.3648
17:09:42,1.6,46.91,126.91,0.00,0.0,50.3648
17:09:46,1.6,46.95,126.91,40.00,0.0,50.3648
17:09:49,1.6,47.80,128.86,11232.00,0.0,50.3648
17:09:52,1.6,47.82,128.86,0.00,0.0,50.3648
17:09:56,1.6,47.86,128.86,0.00,0.0,50.3648
17:09:59,1.6,47.93,130.82,8.00,0.0,50.3648
17:10:02,1.6,47.97,130.82,0.00,0.0,50.3648
17:10:06,1.6,47.97,130.82,1692.00,0.0,51.8639
17:10:09,1.6,47.97,130.82,72.00,0.0,51.8639
17:10:12,1.6,47.97,130.82,0.00,0.0,51.8639
17:10:16,1.6,47.97,130.82,0.00,0.0,51.8639
17:10:19,1.6,47.97,130.82,9804.00,0.0,51.8639
17:10:22,1.6,47.98,132.77,76.00,0.0,51.8639
17:10:26,1.6,47.98,132.77,276.00,0.0,51.8639
17:10:29,1.6,47.98,134.72,0.00,0.0,51.8639
17:10:32,1.6,46.76,134.72,0.00,0.0,51.8639
17:10:36,1.6,46.76,134.72,8.00,0.0,51.8638
17:10:39,1.6,46.76,134.72,156.00,0.0,51.8638
17:10:42,1.6,46.76,134.72,0.00,0.7,51.8638
17:10:46,1.6,46.76,134.72,0.00,0.0,51.8638
17:10:49,1.6,46.76,134.72,11084.00,0.0,51.8638
17:10:52,1.6,46.76,134.72,0.00,0.0,51.8638
17:10:56,1.6,46.76,134.72,4.00,0.0,51.8638
17:10:59,1.6,46.76,138.63,72.00,0.0,51.8638
17:11:03,1.6,46.76,138.63,72.00,0.0,51.8638
17:11:06,1.6,46.76,138.63,0.00,0.0,52.0556
17:11:09,1.6,46.76,138.63,1684.00,1.4,52.0554
17:11:13,1.6,46.76,138.63,0.00,0.0,52.0554
17:11:16,1.6,47.49,138.63,76.00,0.0,52.0554
17:11:19,1.6,47.49,138.63,11404.00,0.0,52.0554
17:11:23,1.6,47.49,138.63,0.00,0.0,52.0554
17:11:26,1.6,47.50,138.63,0.00,0.0,52.0554
17:11:29,1.6,47.50,142.53,0.00,0.0,52.0554
17:11:33,1.6,47.50,142.53,84.00,0.0,52.0554
17:11:36,1.6,47.50,142.53,0.00,0.0,52.0554
17:11:39,1.6,47.50,142.53,0.00,0.0,52.0554
17:11:43,1.6,47.50,142.53,68.00,0.0,52.0554
17:11:46,1.6,47.50,142.53,0.00,0.0,52.0554
17:11:49,1.6,47.50,142.53,232.00,0.0,52.0554
17:11:53,1.6,47.50,142.69,140.00,0.0,52.0554
17:11:56,1.6,47.50,143.51,0.00,0.0,52.0554
17:11:59,1.6,47.88,148.39,0.00,0.0,52.0554
17:12:03,1.6,47.88,148.39,0.00,0.0,52.0554
17:12:06,1.6,47.88,148.39,80.00,0.0,52.3139
17:12:09,1.6,47.94,148.39,356.00,0.7,52.3139
17:12:13,1.6,47.94,148.39,0.00,0.0,52.3139
17:12:16,1.6,47.94,148.39,0.00,0.0,52.3139
17:12:19,1.6,47.94,148.39,0.00,0.0,52.3139
17:12:23,1.6,47.94,148.39,176.00,0.0,52.3139
17:12:26,1.6,47.94,148.39,0.00,0.0,52.3139
17:12:29,1.6,47.94,148.39,0.00,0.0,52.3139
17:12:33,1.6,47.94,152.30,0.00,0.0,52.3139
17:12:36,1.6,47.94,152.30,4.00,0.0,52.3139
17:12:40,1.6,47.94,152.30,0.00,0.0,52.3139
17:12:43,1.6,48.30,152.30,72.00,0.0,52.3139
17:12:46,1.6,48.36,152.30,0.00,0.0,52.3139
17:12:50,1.6,48.36,152.30,0.00,0.0,52.3139
17:12:53,1.6,48.36,152.30,140.00,0.0,52.3139
17:12:56,1.6,48.36,152.30,76.00,0.0,52.3138
17:13:00,1.6,48.36,152.30,468.00,0.0,52.3138
17:13:03,1.6,48.36,154.25,0.00,0.0,52.3138
17:13:06,1.6,48.36,156.21,0.00,0.0,51.989
17:13:10,1.6,48.36,156.21,364.00,0.0,51.989
17:13:13,1.6,48.36,156.28,1796.00,0.0,51.989
17:13:16,1.6,48.36,157.03,0.00,0.0,51.989
17:13:20,1.6,48.36,158.16,0.00,0.0,51.989
17:13:23,1.6,48.36,158.16,0.00,0.0,51.989
17:13:26,1.6,48.36,158.16,0.00,0.0,51.989
17:13:30,1.6,48.36,158.16,200.00,0.0,51.989
17:13:33,1.6,48.36,160.11,72.00,0.0,51.989
17:13:36,1.6,48.36,162.07,0.00,0.0,51.989
17:13:40,1.6,48.36,162.07,0.00,0.0,51.989
17:13:43,1.6,48.36,162.07,0.00,0.0,51.989
17:13:46,1.6,48.36,162.07,76.00,0.0,51.989
17:13:50,1.6,48.36,162.07,76.00,0.0,51.989
17:13:53,1.6,48.36,162.07,16780.00,0.0,51.989
17:13:56,1.6,48.36,162.07,0.00,0.0,51.989
17:14:00,1.6,48.36,162.07,0.00,0.0,51.989
17:14:03,1.6,48.36,164.02,148.00,1.3,51.989
17:14:06,1.6,48.36,164.02,0.00,1.4,52.2437
17:14:10,1.6,48.36,165.97,524.00,0.0,52.2437
17:14:13,1.6,47.38,165.97,0.00,0.0,52.2437
17:14:16,1.6,47.38,165.97,0.00,0.0,52.2437
17:14:20,1.6,47.38,165.97,0.00,0.0,52.2437
17:14:23,1.6,47.39,165.97,16148.00,0.0,52.2437
17:14:26,1.6,47.40,165.97,448.00,0.0,52.2437
17:14:30,1.6,47.40,165.97,0.00,0.0,52.2437
17:14:33,1.6,47.40,167.92,0.00,0.0,52.2437
17:14:36,1.6,47.40,167.92,76.00,0.0,52.2437
17:14:40,1.6,47.40,167.92,76.00,0.0,52.2437
17:14:43,1.6,47.40,169.88,0.00,0.0,52.2437
17:14:47,1.6,47.40,169.88,0.00,0.0,52.2437
17:14:50,1.6,47.40,169.88,0.00,0.0,52.2437
17:14:53,1.6,47.42,169.88,13208.00,0.0,52.2437
17:14:57,1.6,48.01,169.88,76.00,0.0,52.2437
17:15:00,1.6,48.01,169.88,0.00,0.0,52.2437
17:15:03,1.6,48.02,171.83,0.00,0.0,52.2437
17:15:07,1.6,48.05,171.83,0.00,0.0,52.5963
17:15:10,1.6,48.05,171.83,360.00,0.0,52.5962
17:15:13,1.6,48.05,171.83,1924.00,0.0,52.5962
17:15:17,1.6,48.05,173.78,340.00,0.0,52.5962
17:15:20,1.6,48.05,173.78,0.00,0.0,52.5962
17:15:23,1.6,48.05,173.78,12844.00,0.0,52.5962
17:15:27,1.6,48.05,173.78,0.00,0.0,52.5962
17:15:30,1.6,48.05,173.78,75.25,0.0,52.5962
17:15:33,1.6,48.11,173.78,268.00,0.0,52.5962
17:15:37,1.6,48.11,175.74,0.00,0.0,52.5962
17:15:40,1.6,47.11,175.74,0.00,0.0,52.5962
17:15:43,1.6,47.11,175.74,144.00,0.0,52.5962
17:15:47,1.6,47.11,175.74,76.00,0.0,52.5962
17:15:50,1.6,47.11,177.69,0.00,0.0,52.5962
17:15:53,1.6,47.11,177.73,11052.00,0.0,52.5962
17:15:57,1.6,47.11,177.89,0.00,0.0,52.5962
17:16:00,1.6,47.11,179.60,448.00,0.0,52.5962
17:16:03,1.6,47.11,179.64,600.00,0.0,52.5962
17:16:07,1.6,47.11,181.60,0.00,0.0,52.9952
17:16:10,1.6,47.11,181.60,356.00,0.0,52.9952
17:16:13,1.6,47.11,181.60,8.00,0.0,52.9952
17:16:17,1.6,47.11,181.60,0.00,0.0,52.9952
17:16:20,1.6,47.11,181.60,1856.00,0.0,52.9952
17:16:23,1.6,47.32,183.55,0.00,0.7,52.9952
17:16:27,1.6,47.32,183.55,0.00,0.0,52.9952
17:16:30,1.6,47.33,183.55,0.00,0.0,52.9952
17:16:33,1.6,47.33,183.55,80.00,0.0,52.9952
17:16:37,1.6,47.33,185.50,76.00,0.0,52.9952
17:16:40,1.6,47.33,185.50,0.00,0.0,52.9952
17:16:43,1.6,47.33,185.50,0.00,0.0,52.9952
17:16:47,1.6,47.33,185.50,0.00,0.0,52.9952
17:16:50,1.6,47.33,185.50,200.00,0.0,52.9951
17:16:54,1.6,47.33,187.46,0.00,0.0,52.9951
17:16:57,1.6,47.33,187.46,0.00,0.0,52.9951
17:17:00,1.6,47.33,187.46,0.00,0.0,52.9951
17:17:04,1.6,47.33,187.46,0.00,0.0,52.9951
17:17:07,1.6,47.53,189.41,0.00,0.0,52.3933
17:17:10,1.6,47.53,189.41,432.00,0.0,52.3933
17:17:14,1.6,47.54,189.41,76.00,0.0,52.3933
17:17:17,1.6,47.54,189.53,0.00,0.0,52.3933
17:17:20,1.6,47.54,191.25,0.00,1.4,52.3933
17:17:24,1.6,47.54,191.36,0.00,0.0,52.3933
17:17:27,1.6,47.54,191.36,156.00,0.0,52.3933
17:17:30,1.6,47.54,193.32,0.00,0.0,52.3933
17:17:34,1.6,47.54,193.32,576.00,0.0,52.3933
17:17:37,1.6,47.54,193.32,0.00,0.0,52.3933
17:17:40,1.6,47.54,195.27,0.00,0.0,52.3933
17:17:44,1.6,47.54,195.27,0.00,0.0,52.3933
17:17:47,1.6,47.54,195.27,72.00,0.0,52.3933
17:17:50,1.6,47.64,195.27,0.00,0.0,52.3933
17:17:54,1.6,47.64,195.27,0.00,0.0,52.3933
17:17:57,1.6,47.64,195.27,0.00,0.0,52.3933
17:18:00,1.6,47.64,195.27,80.00,0.0,52.3932
17:18:04,1.6,47.64,197.22,76.00,0.0,52.3932
17:18:07,1.6,47.64,197.22,0.00,0.0,51.5399
17:18:10,1.6,47.64,199.17,424.00,0.0,51.5399
17:18:14,1.6,47.64,199.17,160.00,0.0,51.5399
17:18:17,1.6,47.64,199.17,4.00,0.0,51.5399
17:18:20,1.6,47.64,199.17,72.00,0.0,51.5399
17:18:24,1.6,47.64,199.17,0.00,0.0,51.5399
17:18:27,1.6,47.64,199.17,0.00,0.0,51.5399
17:18:30,1.6,47.15,199.17,0.00,0.0,51.5398
17:18:34,1.6,47.16,201.13,0.00,0.0,51.5398
17:18:37,1.6,47.27,201.13,276.00,0.0,51.5398
17:18:41,1.6,47.28,203.08,72.00,0.0,51.5398
17:18:44,1.6,47.29,203.08,0.00,0.0,51.5398
17:18:47,1.6,47.31,203.08,0.00,0.0,51.5398
17:18:51,1.6,47.32,203.08,0.00,0.0,51.5398
17:18:54,1.6,47.32,203.08,76.00,0.0,51.5398
17:18:57,1.6,47.32,203.08,0.00,0.0,51.5398
17:19:01,1.6,47.32,203.08,0.00,0.0,51.5398
17:19:04,1.6,47.32,203.08,0.00,0.0,51.5398
17:19:07,1.6,47.32,205.03,1872.00,0.0,51.5419
17:19:11,1.6,47.43,206.99,0.00,0.0,51.5419
17:19:14,1.6,47.43,206.99,16.00,0.0,51.5419
17:19:17,1.6,47.43,206.99,0.00,0.0,51.5419
17:19:21,1.6,47.43,206.99,0.00,0.0,51.5419
17:19:24,1.6,47.43,206.99,160.00,0.0,51.5419
17:19:27,1.6,47.43,206.99,144.00,0.0,51.5419
17:19:31,1.6,47.43,206.99,76.00,0.0,51.5419
17:19:34,1.6,47.43,206.99,200.00,0.0,51.5419
17:19:37,1.6,47.43,208.94,0.00,0.0,51.5419
17:19:41,1.6,47.43,210.89,0.00,0.0,51.5419
17:19:44,1.6,47.43,210.89,152.00,0.0,51.5419
17:19:47,1.6,47.43,210.89,0.00,1.3,51.5419
17:19:51,1.6,47.46,210.89,0.00,0.0,51.5419
17:19:54,1.6,47.94,210.89,8.00,0.0,51.5419
17:19:57,1.6,47.94,211.05,0.00,0.0,51.5419
17:20:01,1.6,47.94,212.03,0.00,0.0,51.5419
17:20:04,1.6,47.94,212.85,0.00,0.0,51.5419
17:20:07,1.6,47.94,212.85,0.00,0.0,52.1676
17:20:11,1.6,47.94,216.75,0.00,0.0,52.1675
17:20:14,1.6,47.94,216.75,352.00,0.0,52.1675
17:20:17,1.6,47.94,216.75,84.00,0.0,52.1675
17:20:21,1.6,47.94,216.75,72.00,0.0,52.1675
17:20:24,1.6,47.94,216.75,0.00,0.0,52.1675
17:20:28,1.6,47.94,216.75,0.00,0.0,52.1675
17:20:31,1.6,47.94,216.75,1228.00,0.0,52.1675
17:20:34,1.6,47.94,216.75,232.00,0.0,52.1675
17:20:38,1.6,48.22,216.75,76.00,0.0,52.1675
17:20:41,1.6,48.22,216.75,2756.00,0.0,52.1675
17:20:44,1.6,48.22,220.66,0.00,0.0,52.1675
17:20:48,1.6,48.22,220.66,0.00,0.0,52.1675
17:20:51,1.6,48.22,220.66,0.00,0.0,52.1675
17:20:54,1.6,48.22,220.66,72.00,0.0,52.1675
17:20:58,1.6,48.22,220.66,0.00,0.0,52.1675
17:21:01,1.6,48.22,220.66,0.00,0.0,52.1675
17:21:04,1.6,48.22,220.66,0.00,0.0,52.1675
17:21:08,1.6,48.22,220.66,0.00,0.0,51.1812
17:21:11,1.6,48.22,220.66,476.00,0.0,51.1812
17:21:14,1.6,48.22,224.57,0.00,0.0,51.1812
17:21:18,1.6,48.22,224.64,0.00,0.0,51.1812
17:21:21,1.6,48.24,224.80,0.00,0.0,51.1812
17:21:24,1.6,48.24,226.52,76.00,0.0,51.1812
17:21:28,1.6,48.24,226.52,88.00,0.0,51.1812
17:21:31,1.6,48.24,226.52,0.00,0.0,51.1812
17:21:34,1.6,48.24,226.52,0.00,0.0,51.1812
17:21:38,1.6,48.24,226.52,0.00,0.0,51.1812
17:21:41,1.6,48.24,226.52,0.00,0.7,51.1812
17:21:44,1.6,48.24,228.47,228.00,0.0,51.1812
17:21:48,1.6,48.24,230.42,0.00,0.0,51.1812
17:21:51,1.6,48.24,230.42,0.00,0.0,51.1812
17:21:54,1.6,48.24,230.42,148.00,0.0,51.1812
17:21:58,1.6,48.24,230.42,0.00,0.0,51.1812
17:22:01,1.6,48.24,230.42,84.00,0.0,51.1812
17:22:04,1.6,47.05,230.42,1776.00,0.7,51.1812
17:22:08,1.6,47.05,230.42,0.00,0.0,50.7804
17:22:11,1.6,47.05,230.42,0.00,0.0,50.7804
17:22:14,1.6,47.05,232.38,2419.80,0.0,50.7804
17:22:18,1.6,47.05,232.38,276.00,0.0,50.7804
17:22:21,1.6,47.05,234.33,0.00,0.0,50.7804
17:22:24,1.6,47.05,234.33,0.00,0.0,50.7804
17:22:28,1.6,47.05,234.33,8.00,0.0,50.7804
17:22:31,1.6,47.05,234.33,0.00,0.0,50.7804
17:22:35,1.6,47.05,234.33,32.00,0.0,50.7804
17:22:38,1.6,47.05,234.33,0.00,0.0,50.7804
17:22:41,1.6,47.05,234.33,0.00,0.0,50.7804
17:22:45,1.6,47.09,236.28,2336.00,0.0,50.7804
17:22:48,1.6,47.84,236.28,200.00,0.0,50.7804
17:22:51,1.6,47.93,238.24,76.00,0.0,50.7804
17:22:55,1.6,47.94,238.24,268.00,0.0,50.7804
17:22:58,1.6,47.94,238.24,4.00,0.0,50.7804
17:23:01,1.6,47.94,238.24,4.00,0.0,50.7804
17:23:05,1.6,47.94,238.24,36.00,0.0,50.7804
17:23:08,1.6,47.94,238.24,76.00,0.0,51.1044
17:23:11,1.6,47.94,238.24,0.00,0.0,51.1044
17:23:15,1.6,47.94,240.19,40.00,0.0,51.1044
17:23:18,1.6,47.94,240.19,136.00,0.0,51.1044
17:23:21,1.6,47.94,242.14,0.00,0.0,51.1044
17:23:25,1.6,47.95,242.14,36.00,0.0,51.1044
17:23:28,1.6,47.95,242.14,0.00,0.0,51.1044
17:23:31,1.6,47.17,242.14,8.00,0.0,51.1044
17:23:35,1.6,47.17,242.14,12144.00,0.0,51.1044
17:23:38,1.6,47.17,242.14,0.00,0.0,51.1044
17:23:41,1.6,47.17,242.14,76.00,0.0,51.1044
17:23:45,1.6,47.17,242.14,304.95,0.0,51.1044
17:23:48,1.6,47.17,244.10,0.00,0.0,51.1044
17:23:51,1.6,47.17,244.10,0.00,0.0,51.1044
17:23:55,1.6,47.17,244.10,236.00,0.0,51.1044
17:23:58,1.6,47.17,246.09,76.00,0.0,51.1044
17:24:01,1.6,47.17,246.56,0.00,0.7,51.1044
17:24:05,1.6,47.17,247.96,11348.00,0.0,51.1044
17:24:08,1.6,47.17,248.00,0.00,0.0,50.6536
17:24:12,1.6,47.20,248.00,0.00,0.0,50.6536
17:24:15,1.6,47.31,248.00,400.00,0.0,50.6536
17:24:18,1.6,47.32,249.96,2880.00,0.0,50.6536
17:24:22,1.6,47.32,249.96,0.00,0.0,50.6536
17:24:25,1.6,47.32,249.96,0.00,0.0,50.6536
17:24:28,1.6,47.32,249.96,0.00,0.0,50.6536
17:24:32,1.6,47.32,251.91,0.00,0.0,50.6536
17:24:35,1.6,47.32,251.91,12684.00,0.0,50.6536
17:24:38,1.6,47.32,251.91,0.00,1.4,50.6536
17:24:42,1.6,47.32,251.91,1720.00,0.0,50.6536
17:24:45,1.6,47.32,251.91,24.00,0.0,50.6536
17:24:48,1.6,47.32,253.86,76.00,0.0,50.6536
17:24:52,1.6,47.32,253.86,76.00,0.0,50.6536
17:24:55,1.6,47.36,253.86,24.00,0.0,50.6536
17:24:58,1.6,47.36,253.86,0.00,0.0,50.6536
17:25:02,1.6,47.36,253.86,276.00,0.0,50.6536
17:25:05,1.6,47.36,255.82,11716.00,0.0,50.6536
17:25:08,1.6,47.36,255.82,0.00,0.0,50.2968
17:25:12,1.6,47.36,255.82,0.00,0.0,50.2968
17:25:15,1.6,47.36,255.82,24.00,0.0,50.2968
17:25:18,1.6,47.36,257.77,0.00,0.0,50.2968
17:25:22,1.6,47.36,257.89,2208.00,0.0,50.2968
17:25:25,1.6,47.36,259.33,96.00,0.0,50.2968
17:25:28,1.6,47.36,259.72,0.00,0.7,50.2968
17:25:32,1.6,47.36,259.72,476.00,0.0,50.2968
17:25:35,1.6,47.36,261.67,524.00,0.0,50.2968
17:25:38,1.6,47.36,261.67,308.00,0.0,50.2968
17:25:42,1.6,47.36,261.67,80.00,0.0,50.2968
17:25:45,1.6,47.36,261.67,28.00,0.0,50.2968
17:25:48,1.6,47.36,263.63,0.00,0.0,50.2968
17:25:52,1.6,47.36,263.63,0.00,0.0,50.2968
17:25:55,1.6,47.36,263.63,28.00,0.0,50.2968
17:25:58,1.6,47.36,263.63,80.00,0.0,50.2968
17:26:02,1.6,47.36,263.63,0.00,0.0,50.2968
17:26:05,1.6,47.36,263.63,28.00,0.7,50.2968
17:26:09,1.6,47.36,265.58,0.00,0.0,50.6344
17:26:12,1.6,47.36,265.58,0.00,0.0,50.6344
17:26:15,1.6,47.36,265.58,168.00,0.0,50.6344
17:26:19,1.6,47.66,265.58,72.00,0.0,50.6344
17:26:22,1.6,47.67,267.53,0.00,0.0,50.6344
17:26:25,1.6,47.68,267.53,28.00,0.0,50.6344
17:26:29,1.6,47.68,267.53,0.00,0.0,50.6344
17:26:32,1.6,47.68,267.53,80.00,0.0,50.6344
17:26:35,1.6,47.68,267.53,28.00,0.0,50.6344
17:26:39,1.6,47.70,267.53,440.00,0.0,50.6344
17:26:42,1.6,47.71,269.49,0.00,0.0,50.6344
17:26:45,1.6,47.71,269.49,100.00,0.0,50.6344
17:26:49,1.6,47.71,269.49,276.00,0.0,50.6344
17:26:52,1.6,47.71,271.44,0.00,0.0,50.6344
17:26:55,1.6,47.71,271.44,3488.00,0.0,50.6344
17:26:59,1.6,47.71,271.44,0.00,0.0,50.6344
17:27:02,1.6,47.71,271.44,0.00,0.0,50.6344
17:27:05,1.6,47.71,271.44,112.00,0.0,50.6276
17:27:09,1.6,47.71,271.44,72.00,0.7,51.4629
17:27:12,1.6,47.71,273.39,0.00,0.0,51.4629
17:27:15,1.6,47.71,273.39,40.00,0.0,51.4629
17:27:19,1.6,47.71,273.39,1860.00,0.0,51.4629
17:27:22,1.6,47.71,275.35,76.00,0.0,51.4629
17:27:25,1.6,47.71,275.35,32.00,0.7,51.4629
17:27:29,1.6,47.71,275.35,156.00,0.0,51.463
17:27:32,1.6,47.71,275.35,0.00,0.0,51.463
17:27:35,1.6,47.71,275.35,32.00,0.0,51.463
17:27:39,1.6,47.71,275.35,296.00,0.0,51.463
17:27:42,1.6,47.71,275.35,8.00,0.0,51.463
17:27:46,1.6,47.83,275.35,200.00,0.0,51.463
17:27:49,1.6,47.83,277.30,0.00,0.0,51.463
17:27:52,1.6,47.83,279.25,0.00,0.0,51.463
17:27:56,1.6,47.83,279.25,0.00,0.0,51.463
17:27:59,1.6,47.83,279.25,3400.00,0.0,51.463
17:28:02,1.6,47.83,279.41,0.00,0.0,51.463
17:28:06,1.6,47.83,280.54,76.00,0.0,51.463
17:28:09,1.6,47.83,281.21,12780.00,0.0,51.6582
17:28:12,1.6,47.83,281.21,76.00,0.0,51.6582
17:28:16,1.6,47.83,281.21,76.00,0.0,51.6582
17:28:19,1.6,47.83,281.21,0.00,0.0,51.6582
17:28:22,1.6,47.83,285.11,1820.00,0.0,51.6582
17:28:26,1.6,47.83,285.11,548.00,0.0,51.6582
17:28:29,1.6,47.83,285.11,76.00,0.0,51.6582
17:28:32,1.6,47.83,285.11,0.00,0.0,51.6582
17:28:36,1.6,47.83,285.11,0.00,0.7,51.6582
17:28:39,1.6,47.83,285.11,16260.00,0.0,51.6582
17:28:42,1.6,47.83,285.11,4.00,0.0,51.6582
17:28:46,1.6,47.83,285.11,0.00,0.0,51.6582
17:28:49,1.6,47.83,285.11,148.00,0.0,51.6582
17:28:52,1.6,47.83,285.11,1760.00,0.0,51.6582
17:28:56,1.6,47.83,289.02,0.00,0.0,51.6582
17:28:59,1.6,47.83,289.02,0.00,0.0,51.6582
17:29:02,1.6,47.83,289.02,76.00,0.0,51.6582
17:29:06,1.6,47.83,289.02,80.00,0.0,51.8462
17:29:09,1.6,47.89,289.02,11980.00,0.0,51.8462
17:29:12,1.6,47.91,289.02,0.00,0.0,51.8462
17:29:16,1.6,47.91,289.02,8.00,0.0,51.8462
17:29:19,1.6,47.91,289.06,76.00,0.0,51.8462
17:29:22,1.6,47.91,289.14,428.00,1.4,51.8462
17:29:26,1.6,47.91,293.39,0.00,0.0,51.8462
17:29:29,1.6,47.91,294.92,0.00,0.0,51.8462
17:29:33,1.6,47.92,294.92,3168.00,0.0,51.8462
17:29:36,1.6,47.92,294.92,0.00,0.0,51.8463
17:29:39,1.6,47.92,294.92,13924.00,0.0,51.8463
17:29:43,1.6,47.92,294.92,0.00,0.0,51.8463
17:29:46,1.6,48.01,294.92,0.00,0.0,51.8463
17:29:49,1.6,48.01,294.92,196.00,0.0,51.8463
17:29:53,1.6,48.01,294.92,0.00,1.3,51.8463
17:29:56,1.6,48.01,298.82,76.00,0.0,51.8463
17:29:59,1.6,48.01,298.82,0.00,0.0,51.8463
17:30:03,1.6,48.01,298.82,0.00,0.0,51.8463
17:30:06,1.6,48.01,298.82,0.00,0.0,52.2924
17:30:09,1.6,48.01,298.82,12312.00,0.0,52.2924
17:30:13,1.6,48.01,298.82,80.00,0.0,52.2924
17:30:16,1.6,48.01,298.82,0.00,0.0,52.2924
17:30:19,1.6,48.01,298.82,0.00,0.0,52.2924
17:30:23,1.6,48.01,298.82,0.00,0.0,52.2924
17:30:26,1.6,48.01,300.78,964.00,0.0,52.2924
17:30:29,1.6,47.58,300.78,272.00,0.0,52.2924
17:30:33,1.6,47.58,302.73,72.00,0.0,52.2924
17:30:36,1.6,47.58,302.73,0.00,0.0,52.2924
17:30:39,1.6,47.58,302.73,304.00,0.0,52.2924
17:30:43,1.6,47.58,302.73,0.00,0.0,52.2924
17:30:46,1.6,47.58,302.73,76.00,0.0,52.2924
17:30:49,1.6,47.58,302.73,148.00,0.7,52.2924
17:30:53,1.6,47.58,302.73,0.00,0.0,52.2924
17:30:56,1.6,47.58,304.68,0.00,0.0,52.2924
17:30:59,1.6,47.58,304.68,360.00,0.0,52.2924
17:31:03,1.6,47.58,306.64,76.00,0.0,52.2924
17:31:06,1.6,47.58,306.64,2912.00,0.0,52.3985
17:31:10,1.6,47.61,306.64,76.00,0.0,52.3985
17:31:13,1.6,47.69,306.64,0.00,0.0,52.3985
17:31:16,1.6,47.69,306.64,4.00,0.0,52.3985
17:31:20,1.6,47.69,306.64,136.00,0.0,52.3985
17:31:23,1.6,47.69,306.64,72.00,0.0,52.3985
17:31:26,1.6,47.69,306.64,0.00,0.0,52.3985
17:31:30,1.6,47.69,308.59,0.00,0.0,52.3985
17:31:33,1.6,47.69,310.54,0.00,0.0,52.3985
17:31:36,1.6,47.69,310.54,76.00,0.0,52.3985
17:31:40,1.6,47.69,310.54,80.00,0.0,52.3985
17:31:43,1.6,47.69,310.54,0.00,0.0,52.3985
17:31:46,1.6,47.69,310.54,0.00,0.0,52.3985
17:31:50,1.6,47.69,310.54,0.00,0.0,52.3985
17:31:53,1.6,47.87,310.54,80.00,0.0,52.3985
17:31:56,1.6,47.93,310.54,200.00,0.0,52.3985
17:32:00,1.6,47.93,312.50,1928.00,0.0,52.3985
17:32:03,1.6,47.93,314.53,0.00,0.0,52.3985
17:32:06,1.6,47.93,314.88,0.00,0.0,51.9124
17:32:10,1.6,47.93,316.36,964.00,1.3,51.9124
17:32:13,1.6,47.93,316.40,72.00,0.0,51.9124
17:32:16,1.6,47.93,316.40,0.00,0.0,51.9124
17:32:20,1.6,47.93,316.40,0.00,0.0,51.9124
17:32:23,1.6,47.93,316.40,0.00,0.0,51.9124
17:32:26,1.6,47.93,316.40,536.00,0.0,51.9124
17:32:30,1.6,47.93,318.35,76.00,0.0,51.9124
17:32:33,1.6,47.93,318.35,132.00,0.0,51.9124
17:32:36,1.6,48.11,318.35,200.00,0.0,51.9124
17:32:40,1.6,48.11,320.31,0.00,0.0,51.9124
17:32:43,1.6,48.11,320.31,80.00,0.0,51.9124
17:32:47,1.6,48.11,320.31,80.00,0.0,51.9124
17:32:50,1.6,48.11,320.31,0.00,0.0,51.9124
17:32:53,1.6,48.12,320.31,0.00,0.0,51.9124
17:32:57,1.6,48.12,320.31,0.00,0.0,51.9124
17:33:00,1.6,48.12,322.26,0.00,0.0,51.9124
17:33:03,1.6,48.12,322.26,1928.00,0.0,51.9124
17:33:07,1.6,48.12,322.26,0.00,0.0,52.3005
17:33:10,1.6,48.12,322.26,2888.00,0.0,52.3005
17:33:13,1.6,48.12,322.26,64.00,0.0,52.3005
17:33:17,1.6,48.12,324.21,0.00,0.0,52.3005
17:33:20,1.6,47.28,324.21,76.00,0.0,52.3005
17:33:23,1.6,47.28,324.21,80.00,0.0,52.3005
17:33:27,1.6,47.28,324.33,0.00,0.0,52.3005
17:33:30,1.6,47.28,327.92,0.00,0.0,52.3005
17:33:33,1.6,47.28,328.12,80.00,0.0,52.3005
17:33:37,1.6,47.28,328.12,76.00,0.0,52.3005
17:33:40,1.6,47.28,328.12,0.00,0.0,52.3005
17:33:43,1.6,47.28,328.12,680.00,0.0,52.3005
17:33:47,1.6,47.28,330.07,0.00,0.0,52.3005
17:33:50,1.6,47.28,330.07,160.00,0.0,52.3005
17:33:53,1.6,47.28,330.07,140.00,0.0,52.3005
17:33:57,1.6,47.28,330.07,8.00,0.0,52.3005
17:34:00,1.6,47.09,332.03,0.00,0.0,52.3005
17:34:03,1.6,47.16,332.03,0.00,0.0,52.3005
17:34:07,1.6,47.16,332.03,0.00,0.0,52.5746
17:34:10,1.6,47.16,332.03,432.00,0.0,52.5746
17:34:14,1.6,47.16,332.03,72.00,0.0,52.5746
17:34:17,1.6,47.16,333.98,0.00,0.0,52.5746
17:34:20,1.6,47.16,333.98,0.00,0.0,52.5746
17:34:24,1.6,47.16,333.98,0.00,0.0,52.5746
17:34:27,1.6,47.16,333.98,80.00,0.0,52.5746
17:34:30,1.6,47.16,333.98,0.00,0.0,52.5746
17:34:34,1.6,47.16,335.93,0.00,0.0,52.5746
17:34:37,1.6,47.16,335.93,0.00,0.0,52.5746
17:34:40,1.6,47.16,335.93,4.00,0.0,52.5746
17:34:44,1.6,47.16,335.93,2240.00,0.0,52.5746
17:34:47,1.6,47.97,335.93,0.00,0.0,52.5746
17:34:50,1.6,47.97,335.93,200.00,0.0,52.5746
17:34:54,1.6,47.97,337.89,0.00,0.0,52.5746
17:34:57,1.6,47.97,337.89,0.00,0.0,52.5746
17:35:00,1.6,47.97,337.89,276.00,0.0,52.5746
17:35:04,1.6,47.97,339.84,72.00,0.0,52.5746
17:35:07,1.6,47.97,339.84,0.00,0.0,52.0574
17:35:10,1.6,47.97,339.84,356.00,0.0,52.0574
17:35:14,1.6,47.97,339.84,908.00,0.0,52.0574
17:35:17,1.6,47.98,339.84,76.00,0.7,52.0574
17:35:20,1.6,47.98,339.84,0.00,0.7,52.0574
17:35:24,1.6,47.99,339.84,0.00,0.0,52.0574
17:35:27,1.6,47.99,341.79,0.00,0.0,52.0574
17:35:31,1.6,48.28,341.79,208.00,0.0,52.0574
17:35:34,1.6,48.28,343.75,0.00,0.0,52.0574
17:35:37,1.6,48.28,343.75,0.00,0.0,52.0574
17:35:41,1.6,48.28,343.75,1608.00,0.0,52.0574
17:35:44,1.6,48.28,343.75,0.00,0.0,52.0574
17:35:47,1.6,48.28,343.75,0.00,0.0,52.0574
17:35:51,1.6,48.28,343.75,0.00,0.0,52.0574
17:35:54,1.6,48.28,343.75,76.00,0.0,52.0574
17:35:57,1.6,48.28,343.75,0.00,0.0,52.0574
17:36:01,1.6,48.28,345.70,0.00,0.0,52.0574
17:36:04,1.6,48.28,347.65,0.00,0.0,52.0574
17:36:07,1.6,48.28,347.77,76.00,0.0,52.1174
17:36:11,1.6,48.28,349.06,500.00,0.0,52.1174
17:36:14,1.6,48.28,349.60,0.00,0.0,52.1174
17:36:17,1.6,48.28,349.60,3460.00,0.0,52.1174
17:36:21,1.6,48.28,349.60,0.00,0.0,52.1173
17:36:24,1.6,48.28,349.60,0.00,0.0,52.1173
17:36:27,1.6,48.28,349.60,268.00,0.7,52.1173
17:36:31,1.6,48.28,351.56,0.00,0.0,52.1173
17:36:34,1.6,48.28,353.51,8.00,0.0,52.1173
17:36:37,1.6,48.28,353.51,0.00,0.0,52.1173
17:36:41,1.6,48.28,353.51,0.00,0.0,52.1173
17:36:44,1.6,48.28,353.51,79.21,0.7,52.1173
17:36:47,1.6,48.28,353.51,8.00,0.7,52.1173
17:36:51,1.6,48.28,353.51,0.00,0.0,52.1173
17:36:54,1.6,48.30,353.51,0.00,0.0,52.1173
17:36:57,1.6,48.30,353.51,76.00,0.7,52.1173
17:37:01,1.6,48.30,353.51,76.00,0.0,52.1173
17:37:04,1.6,48.30,353.51,0.00,0.0,52.1173
17:37:08,1.6,48.30,357.42,0.00,0.0,51.7362
17:37:11,1.6,48.30,357.42,356.00,0.0,51.7362
17:37:14,1.6,48.30,357.42,1748.00,0.0,51.7362
17:37:18,1.6,48.30,357.42,76.00,0.0,51.7362
17:37:21,1.6,48.30,357.42,0.00,0.0,51.7362
17:37:24,1.6,48.30,357.42,0.00,0.0,51.7362
17:37:28,1.6,48.30,357.53,80.00,0.0,51.7362
17:37:31,1.6,48.30,358.08,0.00,0.0,51.7362
17:37:34,1.6,48.30,359.37,272.00,0.0,51.7362
17:37:38,1.6,48.30,361.32,72.00,0.0,51.7362
17:37:41,1.6,47.00,363.28,640.00,0.0,51.7362
17:37:44,1.6,47.00,363.28,1728.00,0.0,51.7362
17:37:48,1.6,47.00,363.28,0.00,0.0,51.7362
17:37:51,1.6,47.00,363.28,76.00,0.0,51.7362
17:37:54,1.6,47.00,363.28,164.00,0.0,51.7362
17:37:58,1.6,47.00,363.28,0.00,0.0,51.7362
17:38:01,1.6,47.00,363.28,0.00,0.0,51.7362
17:38:04,1.6,47.00,363.28,200.00,0.0,51.7362
17:38:08,1.6,47.00,365.23,84.00,0.0,51.3563
17:38:11,1.6,47.00,367.18,0.00,0.0,51.3563
17:38:14,1.6,47.00,367.18,0.00,0.0,51.3563
17:38:18,1.6,47.03,367.18,0.00,0.0,51.3563
17:38:21,1.6,47.38,367.18,416.00,0.0,51.3563
17:38:24,1.6,47.55,367.18,72.00,0.0,51.3563
17:38:28,1.6,47.55,367.18,72.00,0.0,51.3563
17:38:31,1.6,47.55,367.18,0.00,0.0,51.3563
17:38:34,1.6,47.55,367.18,0.00,0.0,51.3563
17:38:38,1.6,47.55,369.14,4.00,0.0,51.3563
17:38:41,1.6,47.55,369.14,84.00,0.0,51.3563
17:38:44,1.6,47.55,371.09,0.00,0.0,51.3563
17:38:48,1.6,47.55,371.09,0.00,0.0,51.3563
17:38:51,1.6,47.55,371.09,0.00,0.0,51.3563
17:38:55,1.6,47.55,371.09,36.00,0.0,51.3563
17:38:58,1.6,47.55,371.09,80.00,0.0,51.3563
17:39:01,1.6,47.55,371.09,68.00,0.0,51.3563
17:39:05,1.6,47.91,371.09,200.00,0.0,51.3563
17:39:08,1.6,47.91,373.04,0.00,0.0,51.248
17:39:11,1.6,47.91,373.04,0.00,0.0,51.248
17:39:15,1.6,47.91,373.04,0.00,0.0,51.248
17:39:18,1.6,47.91,375.00,1908.00,0.0,51.248
17:39:21,1.6,47.91,375.00,0.00,0.0,51.248
17:39:25,1.6,47.91,375.00,0.00,0.0,51.248
17:39:28,1.6,47.91,375.00,0.00,0.0,51.248
17:39:31,1.6,47.91,375.00,152.00,0.0,51.248
17:39:35,1.6,47.91,375.00,96.00,0.0,51.248
17:39:38,1.6,47.91,376.95,0.00,0.0,51.248
17:39:41,1.6,47.91,376.95,0.00,0.0,51.248
17:39:45,1.6,47.91,376.95,24.00,0.0,51.248
17:39:48,1.6,48.23,376.95,116.00,0.0,51.248
17:39:51,1.6,48.23,376.95,8396.00,1.4,51.248
17:39:55,1.6,48.23,378.90,1368.00,0.0,51.248
17:39:58,1.6,48.23,378.90,0.00,0.0,51.248
17:40:01,1.6,48.23,378.90,0.00,0.0,51.248
17:40:05,1.6,48.23,378.90,24.00,0.0,51.248
17:40:08,1.6,48.23,378.98,72.00,0.0,51.292
17:40:11,1.6,48.23,381.17,8.00,0.0,51.292
17:40:15,1.6,48.23,382.81,180.00,0.0,51.292
17:40:18,1.6,48.23,382.81,0.00,0.0,51.292
17:40:22,1.6,48.23,382.81,11436.00,0.0,51.292
17:40:25,1.6,48.23,384.76,100.00,0.0,51.292
17:40:28,1.6,48.23,384.76,4.00,0.0,51.292
17:40:32,1.6,46.92,384.76,0.00,0.0,51.292
17:40:35,1.6,46.92,384.76,24.00,0.0,51.292
17:40:38,1.6,46.92,384.76,472.00,0.0,51.292
17:40:42,1.6,46.92,386.71,80.00,0.0,51.292
17:40:45,1.6,46.92,386.71,28.00,0.0,51.292
17:40:48,1.6,46.92,386.71,0.00,0.0,51.292
17:40:52,1.6,46.92,386.71,14680.00,0.0,51.292
17:40:55,1.6,46.92,388.67,32.00,0.0,51.292
17:40:58,1.6,46.92,388.67,80.00,0.0,51.292
17:41:02,1.6,46.92,388.67,72.00,0.0,51.292
17:41:05,1.6,46.92,388.67,28.00,0.0,51.292
17:41:08,1.6,46.92,388.67,0.00,0.7,51.865
17:41:12,1.6,47.49,390.62,0.00,0.0,51.865
17:41:15,1.6,47.51,390.62,112.00,0.0,51.865
17:41:18,1.6,47.51,390.62,0.00,0.7,51.865
17:41:22,1.6,47.51,390.62,0.00,1.4,51.8652
17:41:25,1.6,47.51,390.62,28.00,0.0,51.8652
17:41:28,1.6,47.51,392.57,1696.00,0.0,51.8652
17:41:32,1.6,47.51,392.77,76.00,0.0,51.8652
17:41:35,1.6,47.51,394.33,28.00,0.0,51.8652
17:41:38,1.6,47.51,394.53,0.00,0.0,51.8652
17:41:42,1.6,47.51,396.48,0.00,0.0,51.8652
17:41:45,1.6,47.51,396.48,28.00,0.0,51.8652
17:41:48,1.6,47.51,396.48,80.00,0.0,51.8652
17:41:52,1.6,47.51,396.48,72.00,0.0,51.8652
17:41:55,1.6,47.61,396.48,1956.00,0.0,51.8651
17:41:58,1.6,47.64,396.48,0.00,0.0,51.8651
17:42:02,1.6,47.64,398.43,0.00,0.0,51.8651
17:42:05,1.6,47.64,398.43,108.00,0.0,51.8651
17:42:09,1.6,47.64,398.43,76.00,0.0,51.3589
17:42:12,1.6,47.64,400.39,0.00,0.0,51.3589
17:42:15,1.6,47.64,400.39,32.00,0.0,51.3589
17:42:19,1.6,47.64,400.39,0.00,0.0,51.3589
17:42:22,1.6,47.64,400.39,76.00,0.0,51.3589
17:42:25,1.6,47.64,400.39,9068.00,0.0,51.3589
17:42:29,1.6,47.64,400.39,0.00,0.0,51.3589
17:42:32,1.6,47.64,402.34,0.00,0.0,51.359
17:42:35,1.6,47.64,402.34,32.00,0.0,51.359
17:42:39,1.6,47.66,402.34,0.00,0.0,51.359
17:42:42,1.6,48.32,404.29,76.00,0.0,51.359
17:42:45,1.6,48.32,404.29,32.00,0.0,51.359
17:42:49,1.6,48.32,404.29,8.00,0.0,51.359
17:42:52,1.6,48.42,404.29,0.00,0.0,51.359
17:42:55,1.6,48.45,404.29,13276.00,0.0,51.359
17:42:59,1.6,48.46,404.29,72.00,0.0,51.359
17:43:02,1.6,48.46,404.29,1996.00,0.0,51.359
17:43:05,1.6,48.46,406.25,36.00,0.0,51.359
17:43:09,1.6,48.46,406.25,0.00,0.0,51.6621
17:43:12,1.6,48.46,406.25,344.00,0.0,51.6621
17:43:15,1.6,48.46,408.20,36.00,0.7,51.6621
17:43:19,1.6,48.46,408.20,0.00,0.0,51.6621
17:43:22,1.6,48.46,408.20,0.00,0.0,51.6621
17:43:25,1.6,47.20,408.20,13392.00,0.0,51.6621
17:43:29,1.6,47.20,408.20,0.00,0.0,51.6621
17:43:32,1.6,47.20,408.20,280.00,0.0,51.6621
17:43:35,1.6,47.20,410.15,36.00,0.0,51.6621
17:43:39,1.6,47.20,410.15,220.00,0.0,51.6621
17:43:42,1.6,47.20,410.15,268.00,0.0,51.6621
17:43:45,1.6,47.20,412.10,408.00,0.0,51.6621
17:43:49,1.6,47.20,412.10,76.00,0.0,51.6621
17:43:52,1.6,47.20,412.10,8.00,0.0,51.6621
17:43:56,1.6,47.20,412.10,13132.00,0.0,51.6621
17:43:59,1.6,47.20,412.10,0.00,0.0,51.6621
17:44:02,1.6,47.20,412.10,76.00,0.0,51.6621
17:44:06,1.6,47.32,412.10,84.00,0.0,51.6621
17:44:09,1.6,47.42,413.35,16.00,0.0,51.757
17:44:12,1.6,47.45,414.17,0.00,0.0,51.757
17:44:16,1.6,47.46,417.26,0.00,0.0,51.757
17:44:19,1.6,47.46,417.96,160.00,0.0,51.757
17:44:22,1.6,47.46,417.96,76.00,0.0,51.757
17:44:26,1.6,47.46,417.96,12748.00,0.0,51.757
17:44:29,1.6,47.46,417.96,0.00,0.0,51.757
17:44:32,1.6,47.46,417.96,0.00,0.0,51.757
17:44:36,1.6,47.46,417.96,864.00,0.0,51.757
17:44:39,1.6,47.46,417.96,428.00,0.0,51.757
17:44:42,1.6,47.46,419.21,0.00,0.0,51.757
17:44:46,1.6,47.46,421.87,0.00,0.0,51.7571
17:44:49,1.6,47.67,421.87,0.00,0.0,51.7571
17:44:52,1.6,47.67,421.87,76.00,0.0,51.7571
17:44:56,1.6,47.67,421.87,14100.00,0.0,51.7571
17:44:59,1.6,47.67,421.87,0.00,0.0,51.7571
17:45:02,1.6,47.67,421.87,0.00,0.7,51.7571
17:45:06,1.6,47.67,421.87,704.00,0.0,51.7571
17:45:09,1.6,47.67,421.87,128.00,0.0,51.5153
17:45:12,1.6,47.67,423.12,72.00,0.0,51.5153
17:45:16,1.6,47.67,423.12,0.00,0.0,51.5153
17:45:19,1.6,47.67,425.78,0.00,0.0,51.5153
17:45:22,1.6,47.67,425.78,0.00,0.0,51.5153
17:45:26,1.6,47.67,425.78,13676.00,0.0,51.5153
17:45:29,1.6,47.80,425.78,372.00,0.0,51.5153
17:45:33,1.6,47.80,425.85,76.00,0.0,51.5153
17:45:36,1.6,47.80,426.75,0.00,0.0,51.5153
17:45:39,1.6,47.80,427.69,220.00,0.0,51.5153
17:45:43,1.6,47.80,428.98,0.00,0.0,51.5153
17:45:46,1.6,47.80,428.98,420.00,0.0,51.5153
17:45:49,1.6,47.80,431.64,0.00,0.0,51.5153
17:45:53,1.6,47.80,431.64,0.00,0.0,51.5153
17:45:56,1.6,47.81,431.64,14576.00,0.0,51.5153
17:45:59,1.6,47.81,431.64,4.00,0.0,51.5153
17:46:03,1.6,47.81,431.64,0.00,0.0,51.5153
17:46:06,1.6,47.81,431.64,8.00,0.0,51.2047
17:46:09,1.6,47.81,431.64,0.00,0.0,51.2047
17:46:13,1.6,47.81,431.64,0.00,0.0,51.2047
17:46:16,1.6,47.81,431.64,328.00,0.0,51.2047
17:46:19,1.6,47.81,434.84,76.00,0.0,51.2047
17:46:23,1.6,47.81,434.84,76.00,0.0,51.2047
17:46:26,1.6,47.81,435.54,13756.00,0.0,51.2047
17:46:29,1.6,47.81,435.54,0.00,0.0,51.2047
17:46:33,1.6,47.81,435.54,0.00,0.0,51.2047
17:46:36,1.6,47.81,435.54,1976.00,0.0,51.2047
17:46:39,1.6,47.81,435.54,1800.00,0.7,51.2047
17:46:43,1.6,47.81,435.54,0.00,0.0,51.2047
17:46:46,1.6,47.81,435.54,0.00,0.0,51.2047
17:46:49,1.6,47.81,438.75,0.00,0.7,51.2047
17:46:53,1.6,47.81,438.75,0.00,0.0,51.2047
17:46:56,1.6,48.01,438.75,8192.00,0.0,51.2047
17:46:59,1.6,48.02,439.45,0.00,0.0,51.2046
17:47:03,1.6,48.02,439.45,0.00,0.0,51.2046
17:47:06,1.6,48.02,439.45,0.00,0.0,51.3636
17:47:09,1.6,48.02,439.45,76.00,0.0,51.3636
17:47:13,1.6,48.02,439.45,76.00,0.0,51.3636
17:47:16,1.6,48.02,439.45,0.00,0.0,51.3636
17:47:20,1.6,48.02,442.65,0.00,0.0,51.3636
17:47:23,1.6,48.02,442.65,0.00,0.0,51.3636
17:47:26,1.6,48.02,442.65,76.00,0.7,51.3636
17:47:30,1.6,48.02,443.35,76.00,0.0,51.3636
17:47:33,1.6,48.02,443.35,68.00,0.0,51.3636
17:47:36,1.6,48.02,443.35,0.00,0.0,51.3637
17:47:40,1.6,48.02,443.35,2128.00,0.0,51.3637
17:47:43,1.6,48.02,443.35,0.00,0.0,51.3637
17:47:46,1.6,48.02,443.35,0.00,0.6,51.3637
17:47:50,1.6,48.02,446.56,236.00,0.0,51.3637
17:47:53,1.6,48.02,446.56,0.00,0.0,51.3637
17:47:56,1.6,48.02,446.56,0.00,0.0,51.3637
17:48:00,1.6,48.02,446.56,8.00,0.0,51.3637
17:48:03,1.6,48.02,447.26,76.00,0.0,51.3637
17:48:06,1.6,48.02,447.26,280.00,0.0,50.9042
17:48:10,1.6,48.02,447.26,0.00,0.0,50.9042
17:48:13,1.6,48.02,447.34,2144.00,0.0,50.9042
17:48:16,1.6,48.02,447.65,0.00,0.0,50.9042
17:48:20,1.6,48.02,449.06,0.00,0.0,50.9042
17:48:23,1.6,48.02,452.42,72.00,0.0,50.9042
17:48:26,1.6,48.02,452.42,0.00,0.0,50.9042
17:48:30,1.6,48.02,452.42,72.00,0.0,50.9042
17:48:33,1.6,48.02,453.12,0.00,0.0,50.9042
17:48:36,1.6,48.02,453.12,80.00,0.0,50.9041
17:48:40,1.6,48.02,453.12,324.00,0.0,50.9041
17:48:43,1.6,48.02,453.12,0.00,0.0,50.9041
17:48:46,1.6,48.02,453.12,0.00,0.0,50.9041
17:48:50,1.6,48.02,453.12,344.00,0.0,50.9041
17:48:53,1.6,48.02,456.32,72.00,0.0,50.9041
17:48:56,1.6,48.02,456.32,148.00,0.0,50.9041
17:49:00,1.6,48.02,456.32,156.00,0.0,50.9041
17:49:03,1.6,48.02,456.32,8.00,0.0,50.9041
17:49:07,1.6,48.49,457.03,0.00,0.0,51.1241
17:49:10,1.6,48.49,457.03,0.00,0.0,51.1241
17:49:13,1.6,48.49,457.03,72.00,0.6,51.1241
17:49:17,1.6,48.49,457.03,0.00,0.0,51.1241
17:49:20,1.6,48.49,457.03,0.00,1.3,51.1241
17:49:23,1.6,48.49,460.23,0.00,0.0,51.1241
17:49:27,1.6,48.49,460.23,0.00,0.0,51.1241
17:49:30,1.6,48.49,460.23,12060.00,0.0,51.1241
17:49:33,1.6,48.49,460.27,0.00,0.0,51.1241
17:49:37,1.6,48.49,460.35,0.00,0.0,51.1241
17:49:40,1.6,48.49,462.73,220.00,0.0,51.1241
17:49:43,1.6,48.49,462.89,76.00,0.0,51.1241
17:49:47,1.6,48.49,462.89,2072.00,0.0,51.1241
17:49:50,1.6,48.49,462.89,0.00,0.0,51.1241
17:49:53,1.6,48.49,464.84,0.00,0.0,51.1241
17:49:57,1.6,48.49,464.84,256.00,0.0,51.1241
17:50:00,1.7,48.49,466.09,12428.00,0.0,51.1241
17:50:03,1.7,48.49,466.09,71.29,0.0,51.1241
17:50:07,1.7,48.49,466.09,220.00,0.0,51.9062
17:50:10,1.7,48.49,466.79,164.00,0.0,51.9062
17:50:13,1.7,48.49,466.79,1952.00,0.0,51.9062
17:50:17,1.7,48.49,466.79,320.00,0.0,51.9062
17:50:20,1.7,48.49,466.79,80.00,0.0,51.9062
17:50:23,1.7,48.49,468.75,0.00,0.7,51.9062
17:50:27,1.7,48.49,468.75,28.00,0.0,51.9062
17:50:30,1.7,48.49,469.02,11468.00,0.0,51.9062
17:50:33,1.7,48.49,470.00,0.00,0.0,51.9062
17:50:37,1.7,48.49,470.00,208.00,0.0,51.9062
17:50:40,1.7,48.49,470.54,228.00,0.0,51.9062
17:50:44,1.7,48.49,470.54,0.00,0.0,51.9062
17:50:47,1.7,48.49,470.70,0.00,0.0,51.9062
17:50:50,1.7,48.49,470.70,0.00,0.0,51.9063
17:50:54,1.7,48.49,470.70,0.00,0.0,51.9063
17:50:57,1.7,48.49,472.65,72.00,0.0,51.9063
17:51:00,1.7,48.49,472.92,14508.00,0.0,51.9063
17:51:04,1.7,48.49,472.92,0.00,0.0,51.9063
17:51:07,1.7,48.49,473.90,0.00,0.0,52.3932
17:51:10,1.7,48.49,473.94,76.00,1.3,52.3932
17:51:14,1.7,48.49,473.94,72.00,0.0,52.3932
17:51:17,1.7,47.04,474.45,0.00,0.0,52.3932
17:51:20,1.7,47.04,474.60,2240.00,0.0,52.3932
17:51:24,1.7,47.04,474.60,200.00,0.0,52.3932
17:51:27,1.7,47.04,476.56,72.00,0.0,52.3931
17:51:30,1.7,47.04,476.83,13324.00,0.7,52.3931
17:51:34,1.7,47.04,476.83,100.00,0.0,52.3931
17:51:37,1.7,47.04,477.81,0.00,0.0,52.3931
17:51:40,1.7,47.04,477.85,228.00,0.0,52.3931
17:51:44,1.7,47.04,477.85,52.00,0.0,52.3931
17:51:47,1.7,47.04,478.35,72.00,0.0,52.3931
17:51:50,1.7,47.04,478.51,0.00,0.7,52.3931
17:51:54,1.7,47.04,478.51,200.00,0.0,52.3931
17:51:57,1.7,47.42,480.46,0.00,0.0,52.3931
17:52:00,1.7,47.47,480.46,76.00,0.0,52.3931
17:52:04,1.7,47.47,480.46,76.00,0.0,52.3931
17:52:07,1.7,47.47,480.74,0.00,0.0,52.8732
17:52:10,1.7,47.47,480.74,356.00,0.0,52.8732
17:52:14,1.7,47.47,481.75,0.00,0.0,52.8732
17:52:17,1.7,47.47,482.42,80.00,0.0,52.8732
17:52:21,1.7,47.47,483.51,76.00,0.0,52.8732
17:52:24,1.7,47.47,484.37,64.00,0.0,52.8732
17:52:27,1.7,47.47,486.32,80.00,0.0,52.8732
17:52:31,1.7,47.47,486.32,0.00,0.0,52.8732
17:52:34,1.7,47.47,486.32,0.00,0.0,52.8732
17:52:37,1.7,47.73,486.60,72.00,0.0,52.8732
17:52:41,1.7,47.80,486.60,284.00,0.0,52.8732
17:52:44,1.7,47.80,486.60,524.00,0.0,52.8732
17:52:47,1.7,47.80,487.61,0.00,0.0,52.8732
17:52:51,1.7,47.80,487.61,52.00,0.0,52.8732
17:52:54,1.7,47.80,488.12,1840.00,0.0,52.8732
17:52:57,1.7,47.80,490.23,0.00,0.0,52.8732
17:53:01,1.7,47.80,490.23,0.00,0.0,52.8732
17:53:04,1.7,47.80,490.23,13324.00,0.0,52.8732
17:53:07,1.7,47.80,490.50,76.00,0.0,53.1988
17:53:11,1.7,47.80,490.50,504.00,0.0,53.1987
17:53:14,1.7,47.80,490.50,8.00,0.0,53.1987
17:53:17,1.7,47.80,491.52,0.00,0.0,53.1987
17:53:21,1.7,47.81,491.52,0.00,0.0,53.1987
17:53:24,1.7,47.81,491.52,1728.00,0.0,53.1987
17:53:27,1.7,47.81,494.14,72.00,0.0,53.1987
17:53:31,1.7,47.81,494.14,0.00,0.0,53.1987
17:53:34,1.7,47.81,494.14,11148.00,0.0,53.1987
17:53:37,1.7,47.81,494.21,0.00,0.0,53.1987
17:53:41,1.7,47.81,494.92,0.00,0.0,53.1987
17:53:44,1.7,47.81,496.36,76.00,0.0,53.1987
17:53:47,1.7,47.81,496.36,0.00,0.7,53.1987
17:53:51,1.7,47.81,497.38,0.00,0.0,53.1987
17:53:54,1.7,47.81,497.38,0.00,0.0,53.1987
17:53:57,1.7,47.81,497.38,76.00,0.0,53.1987
17:54:01,1.7,47.84,500.00,76.00,0.0,53.1987
17:54:04,1.7,47.91,500.00,11564.00,0.0,53.1987
17:54:08,1.7,47.91,500.00,8.00,0.0,52.5357
17:54:11,1.7,47.91,500.00,352.48,0.0,52.5357
17:54:14,1.7,47.91,500.27,164.00,0.0,52.5357
17:54:18,1.7,47.91,500.27,180.00,0.0,52.5357
17:54:21,1.7,47.91,501.28,0.00,0.0,52.5357
17:54:24,1.7,47.91,501.28,0.00,0.0,52.5357
17:54:28,1.7,47.91,501.28,268.00,0.0,52.5357
