temperature[C],timestamp
25.184316133333333,1589500800
25.08458866666667,1589501700
24.935752600000004,1589502600
24.8461304,1589503500
24.621525357142858,1589504400
24.5360922,1589505300
24.638673866666664,1589506200
24.87302233333333,1589507100
24.936930466666663,1589508000
25.0122476,1589508900
25.005149333333332,1589509800
24.993019533333328,1589510700
25.016309428571425,1589511600
24.985215266666664,1589512500
24.93773193333333,1589513400
24.87909953333333,1589514300
24.6789022,1589515200
24.3519308,1589516100
24.0626222,1589517000
24.013224200000003,1589517900
24.1771058,1589518800
24.304888,1589519700
24.328727266666665,1589520600
24.28921113333333,1589521500
24.088446066666663,1589522400
24.01163526666667,1589523300
23.976731266666665,1589524200
24.21899,1589525100
24.5373984,1589526000
24.8159595,1589526900
24.988789866666668,1589527800
25.21618033333333,1589528700
25.41951306666667,1589529600
25.95908213333333,1589530500
26.430782066666666,1589531400
26.8318298,1589532300
27.6209698,1589533200
27.988362071428572,1589534100
27.516727866666667,1589535000
27.450107666666668,1589535900
28.632191866666663,1589536800
28.768912733333337,1589537700
29.35144260000001,1589538600
28.854707866666665,1589539500
29.410819333333336,1589540400
30.21606228571428,1589541300
30.2870728,1589542200
30.811049333333333,1589543100
31.305375066666663,1589544000
31.50729773333333,1589544900
32.147684733333335,1589545800
32.39142040000001,1589546700
32.622796071428574,1589547600
32.49706446666666,1589548500
32.52462140000001,1589549400
32.67847086666667,1589550300
33.763185400000005,1589551200
34.13076993333335,1589552100
34.08138426666667,1589553000
33.69572221428571,1589553900
33.89057606666666,1589554800
34.043744000000004,1589555700
34.40285233333333,1589556600
34.430942666666674,1589557500
34.38115033333334,1589558400
34.12625693333333,1589559300
34.35660993333333,1589560200
33.86159653333333,1589561100
33.443313571428575,1589562000
33.30025473333334,1589562900
33.03212220000001,1589563800
32.311871133333334,1589564700
31.13241364285714,1589565600
29.243110933333337,1589566500
28.495518,1589567400
27.8840638,1589568300
27.455975400000003,1589569200
27.0975484,1589570100
27.01870113333333,1589571000
23.787237466666667,1589571900
22.66317964285714,1589572800
23.412097066666668,1589573700
22.30098866666667,1589574600
22.0374816,1589575500
22.168518066666667,1589576400
22.1193604,1589577300
22.221250333333334,1589578200
22.236828466666665,1589579100
22.22185842857143,1589580000
22.149312533333333,1589580900
22.104713866666668,1589581800
22.057079933333338,1589582700
22.23601830769231,1589583600
21.68216,1589594400
21.6884114,1589595300
21.510408533333337,1589596200
21.496287,1589597100
21.6459126,1589598000
21.674314200000005,1589598900
21.73142093333333,1589599800
21.78016573333333,1589600700
21.85855535714285,1589601600
21.89991073333333,1589602500
21.92704853333333,1589603400
22.028684400000003,1589604300
21.93278,1589605200
21.866251666666663,1589606100
21.876585066666664,1589607000
21.959989266666664,1589607900
21.9232375,1589608800
21.860400400000003,1589609700
21.985833666666664,1589610600
22.13967073333333,1589611500
22.45271393333333,1589612400
22.6524518,1589613300
22.97513853333333,1589614200
23.38855407142857,1589615100
23.8905234,1589616000
24.42785433333333,1589616900
25.166898466666662,1589617800
25.757175666666665,1589618700
25.999422266666667,1589619600
26.297007333333337,1589620500
26.59366866666667,1589621400
27.030969466666665,1589622300
27.611354533333337,1589623200
27.93121328571429,1589624100
28.2829874,1589625000
28.78232633333333,1589625900
29.1554974,1589626800
29.3643758,1589627700
29.6892496,1589628600
29.8473918,1589629500
30.089862066666665,1589630400
30.376898714285712,1589631300
30.8864686,1589632200
31.2210448,1589633100
31.31397713333333,1589634000
31.66299653333333,1589634900
31.617256666666663,1589635800
31.3661072,1589636700
31.423628733333334,1589637600
31.98976833333333,1589638500
32.24326421428572,1589639400
32.3501976,1589640300
32.436879733333335,1589641200
32.52414946666667,1589642100
32.328025399999994,1589643000
32.103391466666665,1589643900
32.029101733333334,1589644800
31.9597596,1589645700
31.90710457142857,1589646600
31.88745533333333,1589647500
31.747082466666665,1589648400
31.540801866666666,1589649300
31.300166866666668,1589650200
31.0485982,1589651100
30.311684133333333,1589652000
29.54822573333333,1589652900
28.97306333333333,1589653800
28.6859842,1589654700
28.310195785714285,1589655600
27.9578898,1589656500
27.57085773333333,1589657400
27.256431,1589658300
26.941198600000003,1589659200
26.701993733333328,1589660100
26.483793,1589661000
26.312024857142855,1589661900
26.0082478,1589662800
25.61655473333333,1589663700
25.28644193333333,1589664600
25.1239094,1589665500
25.0534728,1589666400
24.8400106,1589667300
24.612066533333333,1589668200
24.492980857142857,1589669100
24.461625066666663,1589670000
24.39256806666667,1589670900
24.3780212,1589671800
24.2493468,1589672700
24.170165933333333,1589673600
24.011531466666668,1589674500
23.8949484,1589675400
23.936809,1589676300
23.879315066666667,1589677200
23.75795086666667,1589678100
23.732131937500004,1589679000
23.726536066666668,1589679900
23.5248778,1589680800
23.45815413333333,1589681700
23.3887412,1589682600
23.265284928571425,1589683500
23.317295400000003,1589684400
23.213891600000004,1589685300
22.9518738,1589686200
22.941931,1589687100
22.86391193333333,1589688000
22.822157866666668,1589688900
22.8671814,1589689800
22.746960466666668,1589690700
22.567999266666664,1589691600
22.572514071428568,1589692500
22.549147400000003,1589693400
22.5879394,1589694300
22.69311313333333,1589695200
22.79481626666667,1589696100
22.685673066666663,1589697000
22.94856573333333,1589697900
23.29249893333333,1589698800
23.61099233333333,1589699700
23.908458142857143,1589700600
24.331876666666663,1589701500
25.0617614,1589702400
25.646803733333336,1589703300
26.14622593333333,1589704200
27.030932600000003,1589705100
27.683191,1589706000
27.985940285714285,1589706900
28.59910273333333,1589707800
29.23562,1589708700
30.091312666666663,1589709600
30.02618813333333,1589710500
30.158901066666665,1589711400
31.06742553333333,1589712300
31.16485806666667,1589713200
31.53113,1589714100
32.317808071428566,1589715000
32.5278644,1589715900
32.495967666666665,1589716800
32.98554906666667,1589717700
33.10833713333334,1589718600
33.64918780000001,1589719500
33.88692626666666,1589720400
33.053440333333334,1589721300
33.727413,1589722200
34.05229864285714,1589723100
34.48483913333333,1589724000
34.304164533333335,1589724900
34.02411533333334,1589725800
34.147082733333335,1589726700
35.109771733333325,1589727600
35.25248613333334,1589728500
34.98165257142857,1589729400
34.6127872,1589730300
34.73750799999999,1589731200
31.03193885714285,1589732100
29.56562293333333,1589733000
29.363769533333336,1589733900
28.750748666666663,1589734800
28.2966472,1589735700
27.601739071428568,1589736600
26.728900000000003,1589737500
26.354187066666668,1589738400
26.136122600000004,1589739300
26.141086733333328,1589740200
25.99661440000001,1589741100
25.8602378,1589742000
25.983874333333333,1589742900
25.908121666666663,1589743800
25.816386571428573,1589744700
25.671177266666668,1589745600
25.501432266666665,1589746500
25.29024046666667,1589747400
25.28608,1589748300
25.382098400000004,1589749200
22.50401006666667,1589750100
21.507785933333327,1589751000
21.294806357142853,1589751900
21.237546733333332,1589752800
21.260813466666665,1589753700
21.314433,1589754600
21.31589153333333,1589755500
21.2205322,1589756400
21.216575066666667,1589757300
21.273112,1589758200
21.209418285714285,1589759100
21.1556906,1589760000
21.0414368,1589760900
21.14206753333333,1589761800
21.13725773333333,1589762700
21.070792666666662,1589763600
20.989664666666663,1589764500
20.983842,1589765400
21.027005866666663,1589766300
20.969343142857145,1589767200
21.007230733333337,1589768100
21.13065793333333,1589769000
21.211199999999995,1589769900
21.25834353333333,1589770800
21.351094533333328,1589771700
21.370375666666664,1589772600
21.3891804,1589773500
21.4589906,1589774400
21.187731933333332,1589775300
21.036965428571428,1589776200
20.961525466666664,1589777100
21.00024833333333,1589778000
21.127661266666664,1589778900
21.194393066666667,1589779800
21.265387133333327,1589780700
21.30836173333333,1589781600
21.431498266666665,1589782500
21.610323285714287,1589783400
21.672629800000003,1589784300
21.834507400000003,1589785200
22.19873053333333,1589786100
22.696124266666665,1589787000
23.109639466666664,1589787900
23.232289466666664,1589788800
23.337219066666663,1589789700
23.50864866666667,1589790600
23.5459355,1589791500
23.7412598,1589792400
23.763322,1589793300
23.76201373333333,1589794200
23.76213573333333,1589795100
23.8746256,1589796000
23.838385,1589796900
24.006947666666665,1589797800
24.324541357142856,1589798700
24.86980793333333,1589799600
25.1295838,1589800500
25.289666666666665,1589801400
25.215167266666665,1589802300
25.70663053333333,1589803200
26.310502066666665,1589804100
26.840596666666663,1589805000
26.93235466666667,1589805900
27.019004333333328,1589806800
27.123125214285714,1589807700
27.371872999999997,1589808600
27.86127913333333,1589809500
28.367100066666666,1589810400
27.717987066666662,1589811300
27.390254733333336,1589812200
27.21775093333333,1589813100
27.2929586,1589814000
27.22515273333333,1589814900
27.56823728571429,1589815800
27.814182533333334,1589816700
27.823516666666663,1589817600
27.479427066666663,1589818500
27.230830933333333,1589819400
27.048868933333328,1589820300
26.624064000000004,1589821200
26.434037266666667,1589822100
26.11982735714286,1589823000
25.6725036,1589823900
25.250388666666662,1589824800
24.9734254,1589825700
24.746293133333328,1589826600
24.62904473333333,1589827500
24.541290266666667,1589828400
24.498402866666662,1589829300
24.466125533333333,1589830200
24.412616,1589831100
24.3377575,1589832000
24.169771333333333,1589832900
24.051348733333334,1589833800
23.8982564,1589834700
23.72655033333333,1589835600
23.632824666666664,1589836500
23.644559666666662,1589837400
23.303951066666663,1589838300
23.088842866666667,1589839200
22.913321142857136,1589840100
22.8502136,1589841000
22.8157798,1589841900
22.787469466666668,1589842800
22.8566712,1589843700
22.750575866666665,1589844600
22.621004266666663,1589845500
22.6109822,1589846400
22.54899814285714,1589847300
22.553049733333328,1589848200
22.56621713333333,1589849100
22.6252198,1589850000
22.595463066666667,1589850900
22.5935506,1589851800
22.701711000000003,1589852700
22.759263,1589853600
22.814073785714285,1589854500
22.8776184,1589855400
22.93003146666667,1589856300
22.953436333333336,1589857200
23.002309133333327,1589858100
23.0468344,1589859000
23.070223,1589859900
23.082743266666665,1589860800
23.19221278571429,1589861700
23.218198666666662,1589862600
23.269362399999995,1589863500
23.351676466666664,1589864400
23.34258833333333,1589865300
23.19291173333333,1589866200
23.147200466666668,1589867100
23.281386399999995,1589868000
23.344480214285717,1589868900
23.42726453333333,1589869800
23.587766400000003,1589870700
24.034554,1589871600
24.505352933333327,1589872500
24.80741786666666,1589873400
25.04675513333333,1589874300
25.179372266666665,1589875200
25.188796928571428,1589876100
25.61507166666667,1589877000
25.79166053333333,1589877900
26.1215332,1589878800
26.495521866666664,1589879700
27.322759933333337,1589880600
27.51964326666667,1589881500
27.60525313333333,1589882400
27.712921,1589883300
27.89099326666667,1589884200
27.81567373333333,1589885100
28.1994974,1589886000
28.478570533333333,1589886900
28.08173375,1589887800
29.644663666666663,1589891400
29.9514374,1589892300
30.105845400000003,1589893200
29.9082072,1589894100
29.60315553333333,1589895000
29.98547573333333,1589895900
29.9116638,1589896800
30.111476357142852,1589897700
30.299320466666668,1589898600
30.368632,1589899500
30.22064013333333,1589900400
30.035451333333327,1589901300
29.785141866666667,1589902200
29.76168613333333,1589903100
29.7693278,1589904000
29.911296071428573,1589904900
29.6577312,1589905800
29.373718266666668,1589906700
29.096531133333336,1589907600
28.59915553333333,1589908500
28.11065073333333,1589909400
27.6489196,1589910300
25.0463766,1589911200
23.2004924,1589912100
22.543171428571423,1589913000
22.475012133333333,1589913900
22.450284866666667,1589914800
22.510243666666668,1589915700
22.54768473333333,1589916600
22.490025066666668,1589917500
22.388783866666664,1589918400
22.85917553333333,1589919300
23.404880666666664,1589920200
23.8672628,1589921100
24.02257421428571,1589922000
24.0037862,1589922900
23.942895466666663,1589923800
23.8231872,1589924700
23.6713298,1589925600
23.7010498,1589926500
23.560729933333327,1589927400
23.3931456,1589928300
23.23081673333333,1589929200
22.916650214285717,1589930100
22.787917200000003,1589931000
22.638492866666663,1589931900
22.46528513333333,1589932800
22.2552064,1589933700
22.217138666666667,1589934600
22.22257086666667,1589935500
22.19119053333333,1589936400
22.181749642857145,1589937300
22.11587533333333,1589938200
22.155918266666664,1589939100
22.175140333333335,1589940000
21.9675416,1589940900
21.960974199999995,1589941800
21.9418578,1589942700
21.921218,1589943600
22.009416857142856,1589944500
22.009790133333333,1589945400
22.108852,1589946300
22.133602066666665,1589947200
22.156953933333337,1589948100
22.119610666666667,1589949000
22.078857466666665,1589949900
21.985909,1589950800
22.009881600000003,1589951700
21.883616928571428,1589952600
21.506819666666665,1589953500
21.3480144,1589954400
21.70994886666666,1589955300
21.996521066666663,1589956200
22.1559958,1589957100
22.4990804,1589958000
22.93633213333333,1589958900
23.434548428571432,1589959800
23.921140466666664,1589960700
24.471148666666664,1589961600
25.124652066666663,1589962500
25.56246340000001,1589963400
26.212556866666667,1589964300
26.4731404,1589965200
26.9201314,1589966100
27.20111693333333,1589967000
27.843497142857142,1589967900
28.077587800000003,1589968800
28.2830628,1589969700
28.752504466666664,1589970600
28.985984333333327,1589971500
29.315938266666667,1589972400
29.735261933333334,1589973300
29.882983266666667,1589974200
30.19451906666667,1589975100
30.521348066666665,1589976000
30.929116214285717,1589976900
31.299159800000005,1589977800
31.34249066666667,1589978700
31.393697066666668,1589979600
31.52517981818181,1589980500
29.3095095,1589995800
28.99113573333333,1589996700
28.524298066666667,1589997600
27.9674928,1589998500
27.510428933333333,1589999400
27.112099785714285,1590000300
26.715222,1590001200
26.32090453333333,1590002100
26.058491933333336,1590003000
25.84102366666667,1590003900
25.68150633333333,1590004800
25.51622313333333,1590005700
25.282519466666667,1590006600
25.09930633333333,1590007500
24.91609842857143,1590008400
24.820863733333333,1590009300
24.700486200000004,1590010200
24.499195642857146,1590011100
24.3762818,1590012000
24.23611046666667,1590012900
24.145490357142855,1590013800
24.003129,1590014700
23.830852,1590015600
23.701161666666668,1590016500
23.589625571428574,1590017400
23.56900885714285,1590018300
23.4973816,1590019200
23.228943,1590020100
23.204518333333333,1590021000
23.530553636363635,1590047100
23.96825553333333,1590048000
24.447705066666664,1590048900
25.058563266666663,1590049800
25.4833456,1590050700
26.186218200000003,1590051600
26.82428842857143,1590052500
27.489748066666667,1590053400
27.690804,1590054300
28.20780033333333,1590055200
28.129876866666663,1590056100
28.657090266666668,1590057000
28.85416453333333,1590057900
29.207837,1590058800
29.59773042857143,1590059700
30.12836306666667,1590060600
30.494291133333338,1590061500
30.676135400000003,1590062400
30.804624466666667,1590063300
30.550409,1590064200
30.864174466666668,1590065100
31.3942708,1590066000
31.3498148,1590066900
31.723678357142855,1590067800
31.688391,1590068700
32.05471386666667,1590069600
31.86826353333333,1590070500
31.819928,1590071400
31.724595200000003,1590072300
32.33336766666667,1590073200
31.9338582,1590074100
32.07216542857143,1590075000
32.14568913333334,1590075900
31.600370266666665,1590076800
31.0340474,1590077700
30.709979333333337,1590078600
30.436910066666663,1590079500
29.904103,1590080400
29.53365073333333,1590081300
29.038175466666665,1590082200
28.658781133333328,1590083100
27.727758666666663,1590084000
27.694161,1590084900
27.578023266666666,1590085800
27.19961753333333,1590086700
26.84853057142857,1590087600
26.45617473333333,1590088500
26.023022466666667,1590089400
25.766520133333334,1590090300
25.5864014,1590091200
25.35796506666667,1590092100
25.098463733333336,1590093000
24.8719178,1590093900
24.680324266666663,1590094800
24.478779357142855,1590095700
24.406392466666663,1590096600
24.369700133333332,1590097500
24.26367993333333,1590098400
24.19905,1590099300
24.08873486666667,1590100200
24.00257386666667,1590101100
23.978326266666667,1590102000
23.922380642857146,1590102900
23.8922364,1590103800
23.856805466666664,1590104700
23.760593466666663,1590105600
23.6751994,1590106500
23.594093866666668,1590107400
23.48329066666667,1590108300
23.470836,1590109200
23.52625706666667,1590110100
23.54151806666667,1590111000
23.4903992,1590111900
23.441861933333332,1590112800
23.4516622,1590113700
23.410870333333328,1590114600
23.41301192857143,1590115500
23.297208666666663,1590116400
23.0816204,1590117300
23.0801798,1590118200
23.0092528,1590119100
22.94258413333333,1590120000
23.023907466666664,1590120900
22.980336533333336,1590121800
22.941425857142857,1590122700
22.9109844,1590123600
22.858017933333333,1590124500
22.8197834,1590125400
22.802852266666665,1590126300
22.815523266666663,1590127200
22.981634533333327,1590128100
23.218327,1590129000
23.366936642857144,1590129900
23.4338724,1590130800
23.82504073333333,1590131700
24.3803284,1590132600
24.829638666666668,1590133500
25.088962666666667,1590134400
25.26090906666667,1590135300
25.14924185714285,1590136200
25.312744200000004,1590137100
25.96112293333333,1590138000
26.405902066666663,1590138900
26.92924806666667,1590139800
27.16653653333333,1590140700
27.585662733333333,1590141600
27.87740473333333,1590142500
28.15413335714286,1590143400
28.069488466666662,1590144300
28.880098533333335,1590145200
28.860333333333333,1590146100
29.77494913333333,1590147000
30.58406566666667,1590147900
30.824835714285715,1590148800
30.752172866666665,1590149700
30.91771053333333,1590150600
31.41328526666667,1590151500
31.3189554,1590152400
31.90281766666666,1590153300
31.85407093333333,1590154200
31.63322353333333,1590155100
31.882248142857144,1590156000
32.30898653333334,1590156900
32.15423573333334,1590157800
32.80111693333333,1590158700
33.00463246666666,1590159600
32.574084400000004,1590160500
32.31323666666667,1590161400
32.0070125,1590162300
31.29693813333333,1590163200
30.797410133333333,1590164100
30.2077474,1590165000
29.846667533333328,1590165900
29.57108153333333,1590166800
29.301833066666667,1590167700
29.1003866,1590168600
28.826326714285717,1590169500
28.510609933333328,1590170400
28.18459053333333,1590171300
28.03802473333333,1590172200
27.857527666666662,1590173100
27.590226266666665,1590174000
27.355753666666665,1590174900
27.137475466666665,1590175800
26.941038066666668,1590176700
26.857729285714285,1590177600
26.768762066666664,1590178500
26.6451172,1590179400
26.527557466666664,1590180300
26.475219733333333,1590181200
26.420656466666667,1590182100
26.3497904,1590183000
24.900354,1590183900
23.9790038,1590184800
23.55884221428571,1590185700
23.5472046,1590186600
23.2145264,1590187500
22.361055333333333,1590188400
21.64112766666667,1590189300
21.5649028,1590190200
21.6055196,1590191100
21.7191894,1590192000
21.708895,1590192900
21.620870000000004,1590193800
21.575026533333336,1590194700
21.45861,1590195600
21.471038799999995,1590196500
21.5340616,1590197400
21.669055266666668,1590198300
21.74084266666667,1590199200
21.769862571428572,1590200100
21.851713066666665,1590201000
21.8916116,1590201900
21.884334266666663,1590202800
21.896366266666668,1590203700
21.963966933333328,1590204600
22.0309366,1590205500
22.128173866666668,1590206400
22.1400958,1590207300
22.049833,1590208200
21.974959266666666,1590209100
21.92008673333333,1590210000
21.900024,1590210900
22.344629916666666,1590216300
22.4054382,1590217200
22.7378764,1590218100
23.204709714285716,1590219000
23.517870071428572,1590219900
23.89814073333333,1590220800
24.705782066666668,1590221700
25.810009866666668,1590222600
26.365627066666665,1590223500
26.8544944,1590224400
27.272131400000003,1590225300
27.64303786666667,1590226200
27.703896500000003,1590227100
28.074165800000003,1590228000
28.02329086666667,1590228900
28.123655266666663,1590229800
28.60254713333333,1590230700
28.8662964,1590231600
29.496158666666663,1590232500
30.03040366666667,1590233400
30.452372928571428,1590234300
30.6108378,1590235200
31.26550906666667,1590236100
31.12965493333333,1590237000
31.10980833333333,1590237900
31.304307266666665,1590238800
32.26669699999999,1590239700
32.174080466666666,1590240600
32.819391,1590241500
33.13893985714286,1590242400
32.61264433333333,1590243300
32.7458558,1590244200
32.598390733333325,1590245100
32.41062673333334,1590246000
32.6603392,1590246900
33.28802473333333,1590247800
33.335693266666674,1590248700
33.424020071428565,1590249600
32.66607666666668,1590250500
32.16037606666667,1590251400
31.88587833333333,1590252300
31.265974933333336,1590253200
30.808199066666667,1590254100
30.171648933333334,1590255000
29.63169753333333,1590255900
29.4934264,1590256800
29.02422,1590257700
28.4694946,1590258600
28.136104133333337,1590259500
27.82643613333333,1590260400
27.58875313333333,1590261300
27.35458573333333,1590262200
27.17084366666667,1590263100
26.9254904,1590264000
26.74023646666667,1590264900
26.542622,1590265800
26.3805358,1590266700
26.2500794,1590267600
26.0939412,1590268500
26.035589666666667,1590269400
25.7736,1590271200
25.654901066666667,1590272100
25.488665666666662,1590273000
25.33885486666667,1590273900
25.1337626,1590274800
24.969698,1590275700
24.838093428571423,1590276600
24.81882946666667,1590277500
24.6906805,1590278400
24.538547666666663,1590279300
24.327402866666667,1590280200
24.253961200000003,1590281100
24.2181986,1590282000
24.211336266666667,1590282900
24.305967,1590283800
24.47437553333333,1590284700
24.566530333333333,1590285600
24.6126954,1590286500
24.401302066666663,1590287400
24.0961324,1590288300
24.0066,1590289200
23.984708733333328,1590290100
23.969868428571427,1590291000
23.9593852,1590291900
23.917812133333328,1590292800
23.90087886666667,1590293700
23.7752706,1590294600
23.661442000000005,1590295500
23.623785466666668,1590296400
23.49081826666667,1590297300
23.31950378571429,1590298200
23.2451844,1590299100
23.151116866666666,1590300000
23.35637213333333,1590300900
23.665861,1590301800
24.0184102,1590302700
24.416684866666667,1590303600
24.857926333333328,1590304500
25.389813333333336,1590305400
25.920839642857143,1590306300
26.23174233333333,1590307200
26.3079448,1590308100
26.682297799999997,1590309000
26.76338493333333,1590309900
27.152537133333336,1590310800
27.404044666666664,1590311700
27.864129466666668,1590312600
27.86592971428571,1590313500
28.242586266666667,1590314400
28.488832533333333,1590315300
28.98237106666667,1590316200
29.528405733333337,1590317100
29.893628,1590318000
30.166768533333336,1590318900
30.648152666666665,1590319800
31.08613807142857,1590320700
30.96598713333333,1590321600
31.85976966666667,1590322500
31.858768666666663,1590323400
32.268751599999995,1590324300
32.5261004,1590325200
32.848590333333334,1590326100
33.08275935714286,1590327000
33.321887266666664,1590327900
33.68083073333334,1590328800
33.551989866666666,1590329700
33.78651526666667,1590330600
33.41605233333334,1590331500
33.76234939999999,1590332400
33.761303733333335,1590333300
33.279722071428566,1590334200
32.816959600000004,1590335100
32.72800313333334,1590336000
33.25120033333334,1590336900
32.82929440000001,1590337800
32.72574673333334,1590338700
32.85508646666668,1590339600
32.515638933333335,1590340500
31.9316625,1590341400
31.36695346666667,1590342300
30.75914113333333,1590343200
30.156077,1590344100
29.691412400000004,1590345000
29.193908666666665,1590345900
28.8050252,1590346800
28.41945813333333,1590347700
28.041340357142857,1590348600
27.721820066666663,1590349500
27.463893733333336,1590350400
27.12241393333333,1590351300
26.938661666666665,1590352200
26.813499,1590353100
26.721419200000003,1590354000
26.061617,1590354900
25.324238285714287,1590355800
25.055564333333333,1590356700
24.842502866666667,1590357600
24.7625794,1590358500
24.650606400000004,1590359400
24.4036906,1590360300
24.308990466666668,1590361200
24.17554313333333,1590362100
24.169597214285712,1590363000
23.777931866666663,1590363900
23.523980866666665,1590364800
23.576312266666665,1590365700
23.793988066666667,1590366600
23.82386273333333,1590367500
23.813157266666668,1590368400
23.8431722,1590369300
23.7696665,1590370200
23.74944666666667,1590371100
23.74525333333333,1590372000
23.723101799999995,1590372900
23.660424866666663,1590373800
23.564792866666664,1590374700
23.53508313333333,1590375600
23.552939733333336,1590376500
23.5656494,1590377400
23.539119142857142,1590378300
23.4719544,1590379200
23.386021,1590380100
23.424011199999995,1590381000
23.45262646666667,1590381900
23.358255866666667,1590382800
23.182582533333328,1590383700
23.065572,1590384600
22.93050333333333,1590385500
22.90438138461538,1590386400
23.016544857142858,1590387300
23.312432866666672,1590388200
23.51573693333333,1590389100
23.788940466666663,1590390000
24.0009094,1590390900
24.3116068,1590391800
24.44554646666667,1590392700
24.688751333333336,1590393600
24.931500133333333,1590394500
25.73379057142857,1590395400
26.3876404,1590396300
26.970560666666664,1590397200
27.714882333333332,1590398100
28.173484266666676,1590399000
28.5507568,1590399900
28.6851826,1590400800
29.217750933333328,1590401700
29.567946466666665,1590402600
29.84079428571429,1590403500
30.38230993333333,1590404400
30.986580466666663,1590405300
31.036269066666662,1590406200
31.56218266666667,1590407100
31.597302133333333,1590408000
32.02379753333333,1590408900
32.30198566666667,1590409800
32.36792450000001,1590410700
32.788692133333335,1590411600
33.254821857142865,1590412500
33.4319154,1590413400
33.4819584,1590414300
33.32365333333333,1590415200
33.540535600000005,1590416100
33.7554728,1590417000
34.09684771428572,1590417900
34.382596666666664,1590418800
34.232936733333325,1590419700
34.278066,1590420600
34.629477933333334,1590421500
34.7056704,1590422400
34.31009746666667,1590423300
33.7051188,1590424200
32.85124421428571,1590425100
32.63336773333333,1590426000
32.45497006666667,1590426900
32.222483600000004,1590427800
30.906561266666667,1590428700
29.405578533333337,1590429600
28.77471533333333,1590430500
27.8907064,1590431400
27.1471252,1590432300
26.844663285714287,1590433200
26.803802466666667,1590434100
26.529679400000006,1590435000
26.13919673333333,1590435900
25.98317053333333,1590436800
25.92591346666667,1590437700
26.3512246,1590438600
26.67003993333333,1590439500
26.74988007142857,1590440400
26.743371466666662,1590441300
25.059989266666665,1590442200
23.2322306,1590443100
22.50070593333333,1590444000
22.444230133333328,1590444900
22.482853266666663,1590445800
22.546732533333333,1590446700
22.538633333333337,1590447600
22.499492000000004,1590448500
22.470717400000005,1590449400
22.384967,1590450300
22.329964133333338,1590451200
22.266125533333334,1590452100
22.277128066666663,1590453000
22.151906400000005,1590453900
22.209784,1590454800
22.266959666666665,1590455700
22.238921999999995,1590456600
22.17399293333333,1590457500
22.08363446666667,1590458400
21.980529733333327,1590459300
21.735559066666667,1590460200
21.402293,1590461100
21.34014086666667,1590462000
21.357849266666665,1590462900
21.37924393333333,1590463800
21.381364,1590464700
21.259425642857135,1590465600
21.066817333333333,1590466500
21.374348866666665,1590467400
21.55023393333333,1590468300
21.640612933333333,1590469200
21.899794533333328,1590470100
22.3387368,1590471000
22.401477000000003,1590471900
22.495716785714286,1590472800
22.62713006666667,1590473700
22.841064466666666,1590474600
23.171523066666666,1590475500
23.54695426666667,1590476400
23.946079466666667,1590477300
24.416178333333328,1590478200
24.91252433333333,1590479100
25.354199066666663,1590480000
26.096950071428576,1590480900
26.6344054,1590481800
26.999525933333327,1590482700
27.205737133333333,1590483600
27.668807,1590484500
27.95082393333333,1590485400
28.3790078,1590486300
28.9688944,1590487200
29.61952421428572,1590488100
29.580118799999997,1590489000
29.96776533333333,1590489900
30.10053313333333,1590490800
30.313747133333337,1590491700
30.505511533333333,1590492600
30.716996333333327,1590493500
30.900615071428568,1590494400
31.35813793333333,1590495300
31.578393466666665,1590496200
32.030253133333325,1590497100
32.626951000000005,1590498000
32.06863799999999,1590498900
32.80097026666667,1590499800
33.185274066666665,1590500700
33.488021,1590501600
32.707593357142855,1590502500
32.27215373333334,1590503400
32.34491993333334,1590504300
32.281588,1590505200
32.39553246666666,1590506100
32.8598512,1590507000
33.26259353333333,1590507900
33.40587706666668,1590508800
33.265648642857144,1590509700
33.16755933333334,1590510600
33.059299933333335,1590511500
33.04103613333332,1590512400
32.083526600000006,1590513300
31.256394333333333,1590514200
30.519482466666663,1590515100
29.59416113333333,1590516000
29.093019666666667,1590516900
28.737601,1590517800
28.444854666666668,1590518700
28.23783153333333,1590519600
28.0495422,1590520500
27.280301933333337,1590521400
26.344228133333328,1590522300
25.804827866666667,1590523200
25.6798888,1590524100
26.317622866666667,1590525000
26.737034357142857,1590525900
26.739679,1590526800
26.860953933333334,1590527700
26.75190226666667,1590528600
25.950315533333335,1590529500
25.970591266666663,1590530400
25.9664206,1590531300
25.976723266666664,1590532200
25.810259142857145,1590533100
25.312601666666662,1590534000
23.959344400000003,1590534900
23.6627584,1590535800
23.458341533333336,1590536700
23.350636733333328,1590537600
23.3878704,1590538500
23.41160473333333,1590539400
23.439538533333334,1590540300
23.478940714285716,1590541200
23.5569438,1590542100
23.6097004,1590543000
23.595737733333337,1590543900
23.378357000000005,1590544800
23.295308333333328,1590545700
23.3853394,1590546600
24.11521193333333,1590547500
24.209280785714284,1590548400
24.113977066666667,1590549300
24.007735066666665,1590550200
23.8672546,1590551100
23.618619666666667,1590552000
23.4968382,1590552900
23.55595913333333,1590553800
23.599875933333333,1590554700
23.591532466666663,1590555600
23.456994428571427,1590556500
23.406447400000005,1590557400
23.3181456,1590558300
23.21604600000001,1590559200
23.13891793333333,1590560100
23.3408814,1590561000
24.041567200000003,1590561900
24.464884533333333,1590562800
24.711029066666665,1590563700
25.215722142857143,1590564600
25.711328266666666,1590565500
26.1143576,1590566400
26.739856000000003,1590567300
27.1763814,1590568200
27.553778,1590569100
27.842344266666668,1590570000
28.183992466666663,1590570900
28.570597266666667,1590571800
29.141590642857143,1590572700
29.011586333333334,1590573600
29.150216214285717,1590574500
29.157197866666667,1590575400
29.738852999999995,1590576300
29.9996884,1590577200
30.1848064,1590578100
31.295017400000003,1590579000
31.858074933333327,1590579900
31.9470338,1590580800
32.10408907142858,1590581700
32.095951199999995,1590582600
32.27157786666667,1590583500
32.52562053333333,1590584400
32.66443473333334,1590585300
32.20655313333332,1590586200
32.32926846666666,1590587100
32.31917286666666,1590588000
32.301509666666675,1590588900
32.7693424,1590589800
32.97901057142858,1590590700
32.9282166,1590591600
32.6388932,1590592500
31.765978933333333,1590593400
32.458738266666664,1590594300
32.22288606666666,1590595200
32.06696146666666,1590596100
32.060280266666666,1590597000
31.461081866666667,1590597900
30.93136807142857,1590598800
30.445636066666676,1590599700
30.095953266666665,1590600600
29.846213866666663,1590601500
29.4541402,1590602400
28.880454466666663,1590603300
27.919635066666668,1590604200
28.1855752,1590605100
28.091544142857135,1590606000
27.561787866666663,1590606900
24.259470533333328,1590607800
23.18479406666667,1590608700
23.055761666666665,1590609600
22.88948166666666,1590610500
22.825628666666667,1590611400
22.96097606666667,1590612300
23.148819000000003,1590613200
23.238674,1590614100
23.172168,1590615000
23.009366933333336,1590615900
22.935736066666664,1590616800
22.89959913333333,1590617700
22.904701733333336,1590618600
22.901389466666668,1590619500
23.19335942857143,1590620400
23.445365266666663,1590621300
23.4742208,1590622200
23.370049866666665,1590623100
23.34788806666667,1590624000
23.154077266666665,1590624900
23.14515773333333,1590625800
23.120672733333333,1590626700
23.027730200000004,1590627600
22.74159678571429,1590628500
22.544309466666668,1590629400
22.4315856,1590630300
22.5432046,1590631200
22.5473002,1590632100
22.398087533333335,1590633000
22.4661296,1590633900
22.416562866666663,1590634800
22.443714642857135,1590635700
22.5855528,1590636600
22.70174173333333,1590637500
22.623174933333328,1590638400
22.6158384,1590639300
22.5532246,1590640200
22.43520106666667,1590641100
22.137520266666662,1590642000
21.98794553333333,1590642900
21.8506328,1590643800
21.656358857142852,1590644700
21.6234394,1590645600
21.681390466666667,1590646500
21.9106464,1590647400
22.472273666666663,1590648300
23.251910266666663,1590649200
23.5200622,1590650100
24.100400866666668,1590651000
24.590855285714284,1590651900
25.104416866666664,1590652800
25.93090606666667,1590653700
26.5218384,1590654600
27.136891666666664,1590655500
27.544490533333327,1590656400
27.93476573333333,1590657300
28.210111600000005,1590658200
28.672439642857142,1590659100
28.899194400000003,1590660000
29.420182333333333,1590660900
29.4800944,1590661800
29.966066466666664,1590662700
29.914223333333336,1590663600
30.556133933333328,1590664500
31.31245933333333,1590665400
31.614807133333333,1590666300
31.7778442,1590667200
32.29975366666667,1590668100
32.15694978571428,1590669000
32.250663066666675,1590669900
32.9157552,1590670800
33.30490126666667,1590671700
32.802505857142854,1590672600
32.92808646666667,1590673500
33.757623499999994,1590674400
32.78992792857142,1590675300
32.84624806666667,1590676200
32.96533184615384,1590677100
33.397930933333335,1590678000
33.418438800000004,1590678900
33.45063293333333,1590679800
33.09783492857143,1590680700
32.85396113333333,1590681600
32.72757773333334,1590682500
32.866440600000004,1590683400
32.67632835714286,1590684300
32.671417266666666,1590685200
32.512230571428574,1590686100
31.958078800000003,1590687000
31.476942933333337,1590687900
31.005800533333336,1590688800
30.42119707142857,1590689700
29.723270928571427,1590690600
28.56131,1590691500
28.059818466666663,1590692400
27.7923808,1590693300
27.6113422,1590694200
27.355645599999995,1590695100
27.13539564285714,1590696000
26.931520666666664,1590696900
26.724784466666662,1590697800
26.4515138,1590698700
26.2307618,1590699600
24.983808380952382,1590700500
22.000267692307688,1590701400
20.613987769230768,1590702300
20.845003333333327,1590703200
21.100152466666668,1590704100
21.25922485714285,1590705000
21.242073600000005,1590705900
21.21269361538461,1590706800
21.1957966,1590707700
21.1990866,1590708600
21.157242866666667,1590709500
21.095442,1590710400
21.076190266666664,1590711300
21.008919266666663,1590712200
20.7940328,1590713100
20.708744923076924,1590714000
20.666713266666665,1590714900
20.695155733333337,1590715800
20.7071381,1590716700
20.838399333333328,1590732900
21.0031935,1590733800
21.185152066666664,1590734700
21.432889933333332,1590735600
21.80819506666667,1590736500
22.1382732,1590737400
22.34573353333333,1590738300
22.677024466666666,1590739200
23.168194600000003,1590740100
23.66407273333333,1590741000
24.082292928571427,1590741900
24.37939666666667,1590742800
25.400056866666667,1590743700
25.6231832,1590744600
26.1870668,1590745500
26.661143,1590746400
27.280598866666665,1590747300
27.962141933333328,1590748200
28.6902568,1590749100
28.989419142857145,1590750000
29.171191466666667,1590750900
29.170436533333337,1590751800
29.452115866666663,1590752700
30.0820658,1590753600
29.980607066666668,1590754500
30.22876786666666,1590755400
30.414278266666667,1590756300
31.0336488,1590757200
31.226418066666668,1590758100
31.451491266666668,1590759000
31.4721985,1590759900
31.294620733333332,1590760800
31.446600466666663,1590761700
31.9529074,1590762600
32.07957366666666,1590763500
32.37420473333333,1590764400
32.275811866666665,1590765300
32.34201053333333,1590766200
32.46573564285715,1590767100
32.45574533333333,1590768000
31.814784666666668,1590768900
31.6578208,1590769800
30.836218333333328,1590770700
30.0257304,1590771600
29.58132926666667,1590772500
29.13962606666667,1590773400
28.608535642857145,1590774300
28.177933666666664,1590775200
27.792637066666668,1590776100
27.432686333333336,1590777000
27.0520792,1590777900
26.57452986666667,1590778800
26.251810733333336,1590779700
25.991561066666662,1590780600
25.52207653333333,1590781500
25.53364046666667,1590782400
25.580924,1590783300
25.6105834,1590784200
25.57697573333333,1590785100
25.569374466666662,1590786000
25.5727214,1590786900
25.53245233333333,1590787800
25.4170736,1590788700
25.315657466666668,1590789600
24.6701782,1590790500
22.479893,1590791400
21.80762807142857,1590792300
21.58188473333333,1590793200
21.44609786666667,1590794100
21.5154318,1590795000
21.5897746,1590795900
21.52715873333333,1590796800
21.492806,1590797700
21.3664144,1590798600
21.3732096,1590799500
21.3210645,1590800400
21.295438733333327,1590801300
21.305418000000003,1590802200
21.262144,1590803100
21.25114333333333,1590804000
21.316385866666668,1590804900
21.313004600000003,1590805800
21.401043666666663,1590806700
21.4183166,1590807600
21.398672857142856,1590808500
21.374104733333333,1590809400
21.3664836,1590810300
21.413842733333336,1590811200
21.42423293333333,1590812100
21.4370606,1590813000
21.293420333333334,1590813900
21.242486466666666,1590814800
21.276218733333337,1590815700
21.26208493333333,1590816600
21.226811071428568,1590817500
21.150111866666663,1590818400
21.185369800000004,1590819300
21.350661199999998,1590820200
21.591829466666663,1590821100
21.786851066666664,1590822000
22.16442873333333,1590822900
22.4847634,1590823800
22.754195266666667,1590824700
22.792192642857145,1590825600
23.30529986666667,1590826500
23.722454733333333,1590827400
23.959779666666662,1590828300
24.185119466666663,1590829200
24.408231533333336,1590830100
24.94327793333333,1590831000
24.95345873333333,1590831900
24.9230428,1590832800
24.95966,1590833700
24.808402466666667,1590834600
24.85946453333333,1590835500
25.07773446666667,1590836400
25.542982933333327,1590837300
26.040903733333334,1590838200
26.3615418,1590839100
27.0928548,1590840000
27.6734152,1590840900
28.242209357142855,1590841800
28.96689653333334,1590842700
28.826908466666666,1590843600
28.9500306,1590844500
29.13891813333333,1590845400
29.40827633333333,1590846300
29.928074066666667,1590847200
30.114007466666664,1590848100
30.26233913333333,1590849000
30.078890214285718,1590849900
30.49638266666667,1590850800
30.8197694,1590851700
30.739146,1590852600
30.839324866666665,1590853500
31.278884,1590854400
31.0069884,1590855300
30.61301473333333,1590856200
30.771809071428567,1590857100
30.710561,1590858000
30.203381266666668,1590858900
30.037693333333333,1590859800
29.534391266666667,1590860700
28.9436726,1590861600
28.536002666666665,1590862500
28.10139566666667,1590863400
27.70457366666667,1590864300
27.338289642857145,1590865200
26.9142048,1590866100
26.376255266666668,1590867000
25.91156826666667,1590867900
25.64443966666667,1590868800
25.47801713333333,1590869700
25.3493976,1590870600
24.481256200000004,1590871500
24.160494214285716,1590872400
23.783605866666665,1590873300
23.541682933333338,1590874200
23.33104853333333,1590875100
23.26649373333333,1590876000
23.247796666666662,1590876900
23.227238,1590877800
23.368218866666677,1590878700
23.299794533333337,1590879600
23.2678135,1590880500
23.308522466666663,1590881400
23.170756,1590882300
23.113399266666665,1590883200
23.277626466666668,1590884100
23.664210999999995,1590885000
23.67028613333333,1590885900
23.73268626666667,1590886800
23.739192666666668,1590887700
23.571071142857143,1590888600
23.530092266666664,1590889500
23.439050266666666,1590890400
23.383164466666667,1590891300
23.1820678,1590892200
23.021513,1590893100
22.88455606666667,1590894000
22.887363666666666,1590894900
22.852510785714287,1590895800
22.62314046666667,1590896700
22.537526466666662,1590897600
22.425286866666667,1590898500
22.25009353333333,1590899400
22.24558513333333,1590900300
22.04795533333333,1590901200
22.0624776,1590902100
22.021704133333333,1590903000
21.99744528571428,1590903900
21.98220433333333,1590904800
22.0364666,1590905700
22.34989833333333,1590906600
22.65153,1590907500
22.765519200000004,1590908400
22.78110746666666,1590909300
22.9010762,1590910200
23.244622733333337,1590911100
23.507492071428576,1590912000
23.899300266666664,1590912900
24.370550666666663,1590913800
24.738476533333337,1590914700
25.1560954,1590915600
25.63316453333333,1590916500
26.220489466666667,1590917400
26.57203993333333,1590918300
26.7760782,1590919200
27.000671500000003,1590920100
27.968046,1590921000
28.05637,1590921900
28.0176412,1590922800
28.252118,1590923700
28.6178812,1590924600
29.2730122,1590925500
29.261606933333333,1590926400
29.223415066666668,1590927300
29.477185066666667,1590928200
30.28202614285715,1590929100
30.402663066666666,1590930000
30.6310384,1590930900
30.10173753333333,1590931800
29.92045486666667,1590932700
30.8515666,1590933600
31.1993794,1590934500
30.053727133333336,1590935400
29.1820414,1590936300
27.56227564285714,1590937200
27.4072612,1590938100
27.53361213333333,1590939000
27.73206186666667,1590939900
27.55705773333333,1590940800
27.7056072,1590941700
27.8887166,1590942600
27.969102,1590943500
28.140496428571428,1590944400
28.146706,1590945300
27.9943766,1590946200
27.8205282,1590947100
27.548073266666663,1590948000
27.190853066666666,1590948900
26.81842646666667,1590949800
26.5084412,1590950700
26.167299333333336,1590951600
25.76065473333333,1590952500
25.512056642857143,1590953400
25.288885533333332,1590954300
25.0992248,1590955200
24.926983600000003,1590956100
24.734248933333333,1590957000
24.591292266666663,1590957900
24.463079733333327,1590958800
24.313775733333333,1590959700
24.13310953333333,1590960600
24.018480500000003,1590961500
23.910445066666668,1590962400
23.797349066666666,1590963300
23.674768066666665,1590964200
23.670292,1590965100
23.795434466666663,1590966000
23.727901133333337,1590966900
23.497284,1590967800
23.244697866666662,1590968700
23.128673000000003,1590969600
23.032562266666663,1590970500
22.96749253333333,1590971400
22.810593666666666,1590972300
22.611436000000005,1590973200
22.497412200000003,1590974100
22.34894813333333,1590975000
22.151637733333327,1590975900
21.993119266666667,1590976800
21.974261533333333,1590977700
21.967161,1590978600
21.9381226,1590979500
21.76579393333333,1590980400
21.644565866666667,1590981300
21.570589266666666,1590982200
21.468520066666667,1590983100
21.497992,1590984000
21.513077666666668,1590984900
21.489196866666664,1590985800
21.301675,1590986700
21.234995533333333,1590987600
21.34605493333333,1590988500
21.313677933333334,1590989400
21.171103933333328,1590990300
21.2783936,1590991200
21.563067533333328,1590992100
21.887721666666664,1590993000
22.247434428571427,1590993900
22.773608333333332,1590994800
23.262593733333336,1590995700
23.855379333333328,1590996600
24.361610933333335,1590997500
24.854911266666665,1590998400
25.21634506666667,1590999300
25.806608266666668,1591000200
26.156099266666665,1591001100
26.705200071428568,1591002000
26.58655813333333,1591002900
26.98462526666667,1591003800
27.534234666666663,1591004700
27.853426133333333,1591005600
28.367919866666668,1591006500
29.10705953333333,1591007400
29.4410646,1591008300
29.58492026666667,1591009200
29.76473564285714,1591010100
29.817582266666665,1591011000
29.742185466666665,1591011900
28.940915933333333,1591012800
29.6550456,1591013700
29.979579800000003,1591014600
29.42465813333333,1591015500
28.995208666666663,1591016400
29.632245714285716,1591017300
27.7970438,1591018200
28.47627846153846,1591019100
28.7127584,1591020000
26.093007466666663,1591020900
26.54801433333333,1591021800
26.772544533333328,1591022700
26.8806398,1591023600
26.798168933333333,1591024500
26.589176466666665,1591025400
26.5301995,1591026300
26.572758,1591027200
26.67944946666666,1591028100
26.8031698,1591029000
26.71589153333333,1591029900
26.14214893333333,1591030800
25.8629782,1591031700
25.6956218,1591032600
25.624135333333328,1591033500
25.591053357142854,1591034400
25.387085133333333,1591035300
25.1545614,1591036200
24.999057866666668,1591037100
24.846169133333333,1591038000
24.608805333333333,1591038900
24.410335333333336,1591039800
24.1902162,1591040700
23.947261533333336,1591041600
23.938940785714287,1591042500
23.8475444,1591043400
23.6931112,1591044300
23.645367466666663,1591045200
23.468129466666667,1591046100
23.392171266666665,1591047000
23.3535358,1591047900
23.199686666666665,1591048800
23.0557068,1591049700
22.929178933333333,1591050600
22.69777992857143,1591051500
22.48435466666667,1591052400
22.33361413333333,1591053300
22.1236104,1591054200
22.122522,1591055100
22.54657193333333,1591056000
22.673152733333332,1591056900
22.564072666666664,1591057800
22.329016133333333,1591058700
22.119201642857146,1591059600
21.952612266666662,1591060500
21.824880066666665,1591061400
21.7592834,1591062300
21.683178800000004,1591063200
21.65743613333333,1591064100
21.54586786666667,1591065000
21.469700066666668,1591065900
21.4014854,1591066800
21.200297,1591067700
21.25917921428572,1591068600
21.363769533333336,1591069500
21.408616066666664,1591070400
21.423315266666663,1591071300
21.5165366,1591072200
21.640098066666663,1591073100
21.7093078,1591074000
21.725348,1591074900
21.639232142857143,1591075800
21.658839866666664,1591076700
21.586885533333334,1591077600
21.792812133333328,1591078500
22.081197066666665,1591079400
22.335227666666665,1591080300
22.607889933333336,1591081200
23.023956333333334,1591082100
23.249164,1591083000
23.54752671428572,1591083900
24.027254133333333,1591084800
24.937853933333333,1591085700
25.4514526,1591086600
26.107157266666665,1591087500
26.1504356,1591088400
26.43365886666667,1591089300
26.793420266666665,1591090200
27.397644133333333,1591091100
27.539448499999995,1591092000
27.562856066666672,1591092900
27.00929553333333,1591093800
27.363865266666664,1591094700
27.677307066666668,1591095600
27.63629753333333,1591096500
27.51463213333333,1591097400
27.42642006666667,1591098300
27.46658328571429,1591099200
28.011470400000004,1591100100
27.616939333333335,1591101000
27.777927533333337,1591101900
27.964561,1591102800
27.962351466666668,1591103700
27.636714733333328,1591104600
27.7742168,1591105500
27.262479733333336,1591106400
26.947897642857143,1591107300
26.913202066666663,1591108200
27.6148946,1591109100
27.04379893333333,1591110000
26.5449136,1591110900
26.279598133333334,1591111800
26.519590333333333,1591112700
26.6184204,1591113600
26.8432725,1591114500
26.13088566666667,1591115400
25.7980978,1591116300
25.5590068,1591117200
25.315805933333333,1591118100
25.183624333333327,1591119000
25.066615933333328,1591119900
24.707338533333328,1591120800
24.5652384,1591121700
24.523747071428573,1591122600
24.480450466666667,1591123500
24.41660966666667,1591124400
24.300563533333328,1591125300
24.10461833333333,1591126200
24.030802466666668,1591127100
23.870035866666665,1591128000
23.69544473333333,1591128900
23.532930466666656,1591129800
23.400419,1591130700
23.181156533333333,1591131600
23.0872802,1591132500
23.0178122,1591133400
23.030607066666665,1591134300
23.1034912,1591135200
23.0956054,1591136100
23.077539066666667,1591137000
23.097322666666663,1591137900
23.029817857142856,1591138800
23.154599933333333,1591139700
23.1262676,1591140600
23.185095266666664,1591141500
23.1571288,1591142400
22.974324466666666,1591143300
22.67297173333333,1591144200
22.598681599999995,1591145100
22.704483933333336,1591146000
22.80064392857143,1591146900
22.88334766666667,1591147800
22.937446866666665,1591148700
22.842895466666665,1591149600
22.660235666666665,1591150500
22.50123506666667,1591151400
22.459503133333328,1591152300
22.44995926666667,1591153200
22.509222928571425,1591154100
22.4485492,1591155000
22.349910333333334,1591155900
22.364552866666667,1591156800
22.34726146666667,1591157700
22.3204386,1591158600
22.3295206,1591159500
22.29955246666667,1591160400
22.230548066666667,1591161300
22.029776500000004,1591162200
21.9093404,1591163100
21.8664428,1591164000
21.8627444,1591164900
21.970450733333333,1591165800
22.115535533333336,1591166700
22.39704986666667,1591167600
22.7777608,1591168500
23.2902242,1591169400
23.853275466666663,1591170300
24.27014585714286,1591171200
24.698665266666666,1591172100
25.202730200000005,1591173000
25.524094533333333,1591173900
25.790447933333336,1591174800
25.9910524,1591175700
26.019221933333327,1591176600
25.796405,1591177500
25.976375266666665,1591178400
26.170804866666664,1591179300
26.6612375,1591180200
27.452661200000005,1591181100
27.96947633333333,1591182000
27.98884273333333,1591182900
27.941221066666667,1591183800
28.590588400000005,1591184700
28.481665066666665,1591185600
28.058274466666663,1591186500
28.570162142857143,1591187400
28.792797866666664,1591188300
29.06769213333333,1591189200
28.884842666666664,1591190100
28.559281400000003,1591191000
27.86218783333333,1591191900
28.36199285714285,1591193700
28.309356666666663,1591194600
28.27815892857143,1591195500
28.8466328,1591196400
28.85288293333333,1591197300
28.367865,1591198200
28.200909666666668,1591199100
27.406433066666665,1591200000
27.123667466666664,1591200900
26.773728333333327,1591201800
26.6105695,1591202700
27.07719326666667,1591203600
26.4934388,1591204500
26.160349600000004,1591205400
25.95564166666666,1591206300
25.628292,1591207200
25.138563999999995,1591208100
24.8869608,1591209000
24.68722533333333,1591209900
24.47928673333333,1591210800
24.196650928571422,1591211700
23.983721866666667,1591212600
23.86744786666667,1591213500
23.7355346,1591214400
23.68221646666667,1591215300
23.664009666666665,1591216200
23.60763366666666,1591217100
23.581404733333333,1591218000
23.54292971428572,1591218900
23.35550553333333,1591219800
23.153045666666667,1591220700
23.12093293333333,1591221600
23.2737874,1591222500
23.410107466666663,1591223400
23.3567708,1591224300
23.29439086666667,1591225200
23.268082733333333,1591226100
23.3125675,1591227000
23.3070944,1591227900
23.232509466666663,1591228800
23.2305298,1591229700
23.239691066666666,1591230600
23.223148533333337,1591231500
23.04567046666667,1591232400
22.96156013333333,1591233300
22.874760071428568,1591234200
22.878147466666665,1591235100
22.99037886666667,1591236000
22.9795756,1591236900
23.002805466666665,1591237800
22.77749013333333,1591238700
22.51006266666667,1591239600
22.36554566666667,1591240500
22.11158453333333,1591241400
21.8316998,1591242300
21.814058571428568,1591243200
21.781632533333337,1591244100
21.7417174,1591245000
21.9011658,1591245900
22.10740133333333,1591246800
22.293249466666666,1591247700
22.30016693333333,1591248600
22.331740266666667,1591249500
22.37077833333333,1591250400
22.37073828571429,1591251300
22.413663666666665,1591252200
22.569683933333334,1591253100
22.91924653333333,1591254000
23.307012799999995,1591254900
23.6712912,1591255800
24.115726666666664,1591256700
24.827956066666665,1591257600
25.16537493333333,1591258500
25.49385071428572,1591259400
25.7016844,1591260300
26.23224886666667,1591261200
26.67907113333333,1591262100
26.958341533333336,1591263000
27.355015066666667,1591263900
27.51010546666667,1591264800
27.60956433333333,1591265700
27.759671857142852,1591266600
28.609558066666665,1591267500
28.900441466666667,1591268400
29.128914533333333,1591269300
28.9166118,1591270200
28.901027466666665,1591271100
29.428778066666663,1591272000
29.520699200000003,1591272900
29.7818786,1591273800
29.397380285714288,1591274700
30.0188802,1591275600
30.470314466666665,1591276500
29.7998332,1591277400
29.653444333333336,1591278300
29.892468333333333,1591279200
29.012854,1591280100
29.053249066666663,1591281000
29.025638800000003,1591281900
29.316604714285717,1591282800
28.8240906,1591283700
28.671067200000003,1591284600
28.89003293333333,1591285500
28.524460866666665,1591286400
28.310963866666665,1591287300
28.2263,1591288200
27.911383066666662,1591289100
27.408913857142856,1591290000
27.39092606666667,1591290900
27.4676554,1591291800
27.015501000000004,1591292700
26.4737508,1591293600
25.879600133333334,1591294500
25.49142246666667,1591295400
25.1925436,1591296300
24.911574333333327,1591297200
24.712389285714284,1591298100
24.54659833333333,1591299000
24.379534866666667,1591299900
24.203576466666668,1591300800
24.101764000000003,1591301700
23.965206,1591302600
23.835375866666677,1591303500
23.622412133333327,1591304400
23.4776306,1591305300
23.413728857142857,1591306200
23.33440973333333,1591307100
23.249265666666663,1591308000
23.155983466666665,1591308900
23.038757333333333,1591309800
22.871164866666668,1591310700
22.668090866666663,1591311600
22.45358486666667,1591312500
22.224973357142854,1591313400
22.242348199999995,1591314300
22.369673533333334,1591315200
22.405242866666665,1591316100
22.451550266666665,1591317000
22.355903933333337,1591317900
22.390741066666664,1591318800
22.2637308,1591319700
22.06980021428572,1591320600
21.935835733333334,1591321500
22.032619133333327,1591322400
21.996008466666662,1591323300
21.915641266666665,1591324200
21.971559666666664,1591325100
21.960252,1591326000
21.962046333333333,1591326900
21.864501933333333,1591327800
21.829637785714283,1591328700
21.81910206666667,1591329600
21.70368653333333,1591330500
21.62841786666667,1591331400
21.594506866666663,1591332300
21.4732484,1591333200
21.5055624,1591334100
21.6951396,1591335000
21.663992714285715,1591335900
21.581693466666664,1591336800
21.653328466666665,1591337700
21.863590533333333,1591338600
22.2525206,1591339500
22.578601066666668,1591340400
22.747050133333335,1591341300
22.947841333333333,1591342200
23.115711714285712,1591343100
23.45101913333333,1591344000
23.990735,1591344900
24.78111993333333,1591345800
25.71807246666667,1591346700
26.1081848,1591347600
26.326908333333336,1591348500
27.173240066666672,1591349400
27.300339800000003,1591350300
27.44654421428572,1591351200
27.920831266666664,1591352100
27.469006399999994,1591353000
28.038039066666663,1591353900
27.55344846666667,1591354800
28.1088298,1591355700
28.699442466666667,1591356600
28.785264266666665,1591357500
28.726664714285715,1591358400
27.64007353333333,1591359300
24.78254793333333,1591360200
23.833673,1591361100
24.98657813333333,1591362000
25.75082,1591362900
26.45047,1591363800
28.032407666666664,1591364700
29.018203714285715,1591365600
28.8636616,1591366500
29.279667000000003,1591367400
29.678208266666665,1591368300
29.9443218,1591369200
29.553806533333333,1591370100
28.67100406666667,1591371000
28.982812333333328,1591371900
29.360011642857145,1591372800
29.21803193333333,1591373700
29.177992733333337,1591374600
28.7667054,1591375500
28.383642466666668,1591376400
28.329986466666664,1591377300
28.312951533333333,1591378200
28.13737193333333,1591379100
27.676138642857143,1591380000
27.09036053333333,1591380900
26.31346433333333,1591381800
25.68867206666667,1591382700
25.31771846666667,1591383600
24.977532733333334,1591384500
24.760622133333335,1591385400
24.567763266666667,1591386300
24.40181171428572,1591387200
24.2519918,1591388100
24.041046266666665,1591389000
23.881455466666665,1591389900
23.661025,1591390800
23.538511133333333,1591391700
23.4621744,1591392600
23.38109546666667,1591393500
23.249294066666664,1591394400
23.104354857142855,1591395300
22.92467253333333,1591396200
22.75687046666667,1591397100
22.555259266666667,1591398000
22.5601338,1591398900
22.5417704,1591399800
22.524619466666667,1591400700
22.4748738,1591401600
22.446710466666666,1591402500
22.32631013333333,1591403400
22.243926857142856,1591404300
22.207804266666663,1591405200
22.23102213333333,1591406100
22.152329466666668,1591407000
21.9829162,1591407900
21.92101433333333,1591408800
21.976127066666663,1591409700
21.894398866666663,1591410600
21.701495466666668,1591411500
21.51942878571429,1591412400
21.438657733333336,1591413300
21.588897933333328,1591414200
21.5690164,1591415100
21.469618733333327,1591416000
21.32059926666667,1591416900
21.27923166666667,1591417800
21.113210066666667,1591418700
20.971514,1591419600
20.875439533333328,1591420500
20.4631672,1591421400
20.398504866666663,1591422300
20.426454666666668,1591423200
21.026063933333333,1591424100
21.30387786666667,1591425000
21.7675536,1591425900
22.418231133333336,1591426800
23.072224285714285,1591427700
23.4391542,1591428600
24.040710200000003,1591429500
24.8309816,1591430400
25.26646733333333,1591431300
25.8001344,1591432200
26.29952173333333,1591433100
26.346307466666666,1591434000
26.485955866666668,1591434900
26.816632928571423,1591435800
27.40662013333333,1591436700
27.516166266666666,1591437600
27.909726666666668,1591438500
27.891768466666665,1591439400
28.858711866666663,1591440300
29.0410462,1591441200
29.5964662,1591442100
29.662364357142856,1591443000
29.043869866666665,1591443900
28.9149232,1591444800
29.854372133333328,1591445700
29.957515466666667,1591446600
30.168788466666665,1591447500
30.398728400000003,1591448400
29.198299066666667,1591449300
26.463971,1591450200
28.371896071428573,1591451100
28.25725513333333,1591452000
27.5224672,1591452900
28.193302266666667,1591453800
25.385963933333336,1591454700
25.10567633333333,1591455600
25.97744133333333,1591456500
26.587683066666667,1591457400
26.64763521428571,1591458300
26.31139526666667,1591459200
26.046683800000004,1591460100
25.648555266666666,1591461000
25.334818533333337,1591461900
24.9111592,1591462800
24.6149332,1591463700
24.514550666666665,1591464600
24.373624600000003,1591465500
24.214307571428574,1591466400
24.0314636,1591467300
23.8018982,1591468200
23.566296399999995,1591469100
23.388924066666664,1591470000
23.178334533333334,1591470900
23.032047533333333,1591471800
22.61733606666667,1591472700
22.435105266666664,1591473600
22.393408266666665,1591474500
22.334638285714284,1591475400
22.187079066666666,1591476300
22.1833922,1591477200
22.210577533333336,1591478100
22.211206066666666,1591479000
22.21850393333333,1591479900
22.19037266666667,1591480800
22.1516112,1591481700
22.1585,1591482600
22.119533266666664,1591483500
22.125963571428567,1591484400
22.194932066666663,1591485300
22.081917266666665,1591486200
22.123830266666666,1591487100
22.05573953333333,1591488000
22.10319206666666,1591488900
22.224560666666665,1591489800
22.30642906666667,1591490700
22.26318146666667,1591491600
22.224988642857145,1591492500
22.250954266666668,1591493400
22.245330666666668,1591494300
22.1836792,1591495200
22.071877,1591496100
22.029390266666667,1591497000
21.9825462,1591497900
21.9359068,1591498800
21.953224666666664,1591499700
21.89431971428571,1591500600
21.831136,1591501500
21.918208866666667,1591502400
21.9437256,1591503300
21.946582066666668,1591504200
21.94075313333333,1591505100
21.97220246666667,1591506000
22.067002399999996,1591506900
22.19018973333333,1591507800
22.18672828571429,1591508700
22.086163266666663,1591509600
22.0659282,1591510500
22.062723666666667,1591511400
22.173250333333336,1591512300
22.4537842,1591513200
22.4785766,1591514100
22.61050626666667,1591515000
22.6054098,1591515900
22.874956357142857,1591516800
23.19970913333333,1591517700
23.165612733333333,1591518600
23.40423586666667,1591519500
23.9829488,1591520400
24.389473466666665,1591521300
24.661753399999995,1591522200
24.460260066666663,1591523100
24.88059273333333,1591524000
25.090109714285717,1591524900
25.68664953333333,1591525800
26.655895933333333,1591526700
27.075844133333334,1591527600
27.4672506,1591528500
27.8593812,1591529400
27.78503,1591530300
28.042243,1591531200
28.7483338,1591532100
28.884908,1591533000
29.4468058,1591533900
30.082822666666665,1591534800
30.003688533333328,1591535700
29.89033,1591536600
29.951885866666665,1591537500
29.934474666666667,1591538400
30.526469571428567,1591539300
30.276324400000004,1591540200
29.847798466666667,1591541100
30.049153666666665,1591542000
30.311199866666666,1591542900
30.26257326666667,1591543800
30.42411086666667,1591544700
30.24165666666667,1591545600
30.361437285714285,1591546500
29.8172668,1591547400
29.1737934,1591548300
28.939170133333327,1591549200
28.74334113333333,1591550100
28.263501133333328,1591551000
27.518345000000004,1591551900
26.890378866666666,1591552800
26.388253500000005,1591553700
25.811604733333333,1591554600
25.57590346666667,1591555500
25.26825146666667,1591556400
24.971708133333333,1591557300
24.6788004,1591558200
24.43683873333333,1591559100
24.214486357142857,1591560000
24.0908446,1591560900
24.030011066666667,1591561800
23.948044733333337,1591562700
23.908459466666663,1591563600
23.7859924,1591564500
23.628920533333336,1591565400
23.4653096,1591566300
23.3559875,1591567200
23.23333333333333,1591568100
23.10634146666667,1591569000
23.106390333333334,1591569900
23.136674066666668,1591570800
23.212194733333337,1591571700
23.321769133333333,1591572600
23.338594466666667,1591573500
23.31643,1591574400
23.257477,1591575300
23.057411733333332,1591576200
22.822715266666663,1591577100
22.663851,1591578000
22.5861776,1591578900
22.593149866666668,1591579800
22.584224142857146,1591580700
22.550337733333336,1591581600
22.486499,1591582500
22.406974266666666,1591583400
22.321024533333333,1591584300
22.250909466666663,1591585200
22.15685633333333,1591586100
22.115911933333336,1591587000
22.099921214285715,1591587900
22.113940533333327,1591588800
22.091783785714288,1591589700
21.984562066666665,1591590600
21.846445666666664,1591591500
21.70021153333333,1591592400
21.57822073333333,1591593300
21.538749066666668,1591594200
21.5162558,1591595100
21.456706357142856,1591596000
21.47708533333333,1591596900
21.680248933333328,1591597800
21.8746846,1591598700
22.075207466666665,1591599600
22.4391438,1591600500
22.7113486,1591601400
23.1475484,1591602300
23.706215533333328,1591603200
23.957190357142856,1591604100
24.36926893333333,1591605000
24.83987853333333,1591605900
25.66906733333333,1591606800
26.13696276923077,1591607700
26.860954846153845,1591608600
27.848698214285715,1591609500
27.8729086,1591610400
28.32269292857143,1591611300
28.07024346666667,1591612200
28.479555266666665,1591613100
28.487312733333336,1591614000
28.845757866666663,1591614900
28.81794433333333,1591615800
28.96788953333333,1591616700
28.983550933333333,1591617600
29.0513102,1591618500
29.023849428571427,1591619400
29.55849613333333,1591620300
29.653950933333327,1591621200
30.076267400000003,1591622100
29.864121533333336,1591623000
30.200903066666665,1591623900
30.39099113333333,1591624800
30.42245486666667,1591625700
30.9528036,1591626600
30.929628642857143,1591627500
30.896520866666663,1591628400
31.104663,1591629300
30.64887906666667,1591630200
30.492716666666663,1591631100
30.0527444,1591632000
29.425960266666667,1591632900
28.0150064,1591633800
28.595495666666668,1591634700
28.989379857142858,1591635600
28.7508078,1591636500
28.5177898,1591637400
28.333721866666668,1591638300
27.9018616,1591639200
27.304530933333336,1591640100
26.836218333333328,1591641000
26.470400066666667,1591641900
25.99734293333333,1591642800
25.64765271428572,1591643700
25.331020066666667,1591644600
25.03207186666667,1591645500
24.80070386666667,1591646400
24.524369400000005,1591647300
24.091544666666664,1591648200
23.884928333333328,1591649100
23.782458333333334,1591650000
23.71181633333333,1591650900
23.427514142857145,1591651800
23.135550933333327,1591652700
23.16300233333333,1591653600
23.182796133333337,1591654500
23.24828273333333,1591655400
23.1708048,1591656300
23.1155682,1591657200
22.929185,1591658100
22.61636746666667,1591659000
22.369203733333336,1591659900
22.394712071428568,1591660800
22.2603392,1591661700
22.07046713333333,1591662600
22.147100866666666,1591663500
22.046030666666667,1591664400
21.911110466666667,1591665300
21.777062866666668,1591666200
21.64939373333333,1591667100
21.49035633333333,1591668000
21.363643,1591668900
21.38877553333333,1591669800
21.4268412,1591670700
21.33233446666667,1591671600
21.3412516,1591672500
21.33793146666667,1591673400
21.24451273333333,1591674300
21.1673442,1591675200
21.2718855,1591676100
21.4086548,1591677000
21.372410133333336,1591677900
21.358131866666668,1591678800
21.25706573333333,1591679700
21.154750333333336,1591680600
21.082100399999995,1591681500
21.290627133333327,1591682400
21.44021593333333,1591683300
21.67111642857143,1591684200
22.135064666666665,1591685100
22.7244914,1591686000
23.15576373333333,1591686900
23.595208533333327,1591687800
23.671679533333336,1591688700
24.25037833333333,1591689600
25.00489506666667,1591690500
25.744004266666664,1591691400
26.306878285714287,1591692300
26.633241666666667,1591693200
27.3424154,1591694100
27.63543293333333,1591695000
28.3880454,1591695900
27.494000133333333,1591696800
27.778367,1591697700
28.7513204,1591698600
29.42598253333333,1591699500
29.910441928571423,1591700400
30.3790954,1591701300
29.469486666666665,1591702200
30.10877073333333,1591703100
30.3104532,1591704000
30.598740733333337,1591704900
30.08868206666667,1591705800
30.58775246666667,1591706700
30.5386128,1591707600
31.37843957142857,1591708500
31.16986893333333,1591709400
31.263549933333337,1591710300
31.3439494,1591711200
30.51236366666667,1591712100
30.8700052,1591713000
30.576977533333327,1591713900
31.041467333333333,1591714800
30.592580066666667,1591715700
30.38283207142857,1591716600
30.2250672,1591717500
30.180094333333333,1591718400
29.8809834,1591719300
29.803035600000005,1591720200
29.61870526666667,1591721100
29.1915486,1591722000
28.551151466666663,1591722900
28.141567066666667,1591723800
27.744334714285717,1591724700
27.397143533333328,1591725600
27.1000306,1591726500
26.634965,1591727400
26.056652733333333,1591728300
25.74157933333333,1591729200
25.408785,1591730100
25.168434733333328,1591731000
25.07621266666667,1591731900
24.950962571428573,1591732800
24.670693000000004,1591733700
24.41775913333333,1591734600
24.260123600000004,1591735500
24.0924174,1591736400
23.906719933333328,1591737300
23.705725066666663,1591738200
23.53315420000001,1591739100
23.41632073333333,1591740000
23.200923357142855,1591740900
23.082973333333328,1591741800
22.946915466666667,1591742700
22.88319513333333,1591743600
22.89231373333333,1591744500
22.8668152,1591745400
22.825907333333337,1591746300
22.8427876,1591747200
22.775156466666665,1591748100
22.709958785714285,1591749000
22.7072754,1591749900
22.628609266666665,1591750800
22.56594833333333,1591751700
22.507914333333336,1591752600
22.3333334,1591753500
22.2797972,1591754400
22.323323733333336,1591755300
22.42767333333333,1591756200
22.395074,1591757100
22.332193866666668,1591758000
22.251780066666665,1591758900
22.111023000000003,1591759800
22.039939333333336,1591760700
21.9428224,1591761600
21.84420573333333,1591762500
21.8886394,1591763400
21.924647928571428,1591764300
21.943217000000004,1591765200
21.934802266666665,1591766100
21.806713866666662,1591767000
21.7722168,1591767900
21.767089866666662,1591768800
21.83029386666667,1591769700
22.186450266666665,1591770600
22.50998785714286,1591771500
22.87512186666667,1591772400
23.399713266666662,1591773300
23.833986466666666,1591774200
24.35052086666667,1591775100
24.7890238,1591776000
25.02677213333333,1591776900
25.16503906666667,1591777800
25.693823266666666,1591778700
26.275140333333333,1591779600
26.62600271428571,1591780500
27.044360466666664,1591781400
27.166434800000005,1591782300
26.92045893333333,1591783200
27.128527933333327,1591784100
27.5968486,1591785000
27.74402266666667,1591785900
27.95182086666667,1591786800
27.86605026666667,1591787700
28.374143285714283,1591788600
28.499033466666667,1591789500
29.79234406666667,1591790400
30.189037933333328,1591791300
30.080072133333328,1591792200
30.85634553333333,1591793100
30.978605133333332,1591794000
30.685426933333336,1591794900
31.166330933333327,1591795800
31.30421228571429,1591796700
31.09232593333333,1591797600
31.361989333333334,1591798500
31.511543666666668,1591799400
26.491621866666662,1591800300
23.6877706,1591801200
24.0490642,1591802100
25.028104666666668,1591803000
25.1799176,1591803900
25.529737071428567,1591804800
26.168872133333338,1591805700
26.560512333333328,1591806600
26.307415666666667,1591807500
26.02376913333333,1591808400
26.0763428,1591809300
25.9601472,1591810200
25.69048421428572,1591811100
25.403283666666667,1591812000
25.1838216,1591812900
25.0308594,1591813800
24.898394866666667,1591814700
24.796325666666664,1591815600
24.6726442,1591816500
24.4905418,1591817400
24.240319214285712,1591818300
23.8389954,1591819200
23.097306266666667,1591820100
22.638631266666664,1591821000
22.402168866666667,1591821900
22.29684226666667,1591822800
22.301875866666663,1591823700
22.351090466666665,1591824600
22.359759533333328,1591825500
22.1506266,1591826400
22.00165442857143,1591827300
21.997644,1591828200
22.014015666666666,1591829100
22.087756466666665,1591830000
22.24785753333333,1591830900
22.4090638,1591831800
22.643738066666664,1591832700
22.739367733333328,1591833600
22.770773785714287,1591834500
22.346177133333327,1591835400
22.243847666666667,1591836300
22.373763,1591837200
22.274361200000005,1591838100
22.2262044,1591839000
22.188857066666667,1591839900
22.104992666666668,1591840800
22.014145733333336,1591841700
21.882257133333333,1591842600
21.722754285714284,1591843500
21.6394612,1591844400
21.511769733333328,1591845300
21.408011866666666,1591846200
21.25261846666667,1591847100
21.17042653333333,1591848000
21.137506066666667,1591848900
21.11148893333333,1591849800
21.1515158,1591850700
21.679722142857145,1591851600
21.8479166,1591852500
21.764787,1591853400
21.841320666666665,1591854300
21.80440273333333,1591855200
21.87074993333333,1591856100
21.9280518,1591857000
21.8738464,1591857900
22.074057499999995,1591858800
22.155832933333333,1591859700
22.33260493333333,1591860600
22.53172193333333,1591861500
22.849924866666672,1591862400
23.1288086,1591863300
23.5816488,1591864200
24.069722533333334,1591865100
24.30036257142857,1591866000
24.295941266666667,1591866900
24.4268352,1591867800
24.623516666666664,1591868700
24.80515553333333,1591869600
25.031361933333333,1591870500
25.47613733333333,1591871400
25.753749666666668,1591872300
26.2963116,1591873200
26.492523071428568,1591874100
26.57368573333333,1591875000
26.907450200000007,1591875900
27.16000973333333,1591876800
27.4697428,1591877700
27.567753066666665,1591878600
27.667081733333337,1591879500
27.793925066666667,1591880400
27.97164264285714,1591881300
28.019702266666663,1591882200
27.88819186666667,1591883100
28.2268556,1591884000
28.652787199999995,1591884900
28.91200753333333,1591885800
28.541935266666663,1591886700
28.410937533333332,1591887600
28.499876,1591888500
28.5198495,1591889400
28.490726733333336,1591890300
28.066652533333336,1591891200
27.5691588,1591892100
27.460978266666665,1591893000
27.1531046,1591893900
26.86789553333333,1591894800
26.575002,1591895700
26.33208213333333,1591896600
26.070382142857145,1591897500
25.856518466666664,1591898400
25.545349066666663,1591899300
25.260909000000005,1591900200
25.032338466666666,1591901100
24.81229646666667,1591902000
24.601367133333333,1591902900
24.368300400000003,1591903800
24.173594857142856,1591904700
24.0864298,1591905600
24.059523533333333,1591906500
24.018544466666665,1591907400
23.949184266666663,1591908300
23.82512006666667,1591909200
23.73761393333333,1591910100
23.686230533333333,1591911000
23.684969285714285,1591911900
23.6376038,1591912800
23.57180973333333,1591913700
23.48927,1591914600
23.419014533333332,1591915500
23.328574733333333,1591916400
23.195113266666677,1591917300
23.027634733333333,1591918200
22.883350857142855,1591919100
22.799922733333336,1591920000
22.69196986666667,1591920900
22.757900000000003,1591921800
22.682067866666667,1591922700
22.602435133333337,1591923600
22.522731466666663,1591924500
22.480474866666665,1591925400
22.407838933333327,1591926300
22.360552285714288,1591927200
22.22029006666667,1591928100
22.049361200000003,1591929000
21.818412266666662,1591929900
21.680625333333328,1591930800
21.79938153333333,1591931700
22.14472873333333,1591932600
22.11750466666667,1591933500
21.33571573333333,1591934400
21.16746521428572,1591935300
21.14945466666667,1591936200
21.176210533333336,1591937100
21.17710573333333,1591938000
21.0787292,1591938900
20.894081466666663,1591939800
20.751308333333327,1591940700
20.89739573333333,1591941600
21.11287226666667,1591942500
21.31159314285714,1591943400
21.4945944,1591944300
21.6540956,1591945200
21.774928866666663,1591946100
21.926344866666668,1591947000
22.160595666666666,1591947900
22.443727666666664,1591948800
22.82434493333333,1591949700
23.0203716,1591950600
23.184509285714288,1591951500
23.590940333333336,1591952400
23.993477333333328,1591953300
24.37688393333333,1591954200
24.682629266666662,1591955100
24.942492866666665,1591956000
25.262884466666662,1591956900
25.460363866666665,1591957800
25.431754533333333,1591958700
25.35791885714286,1591959600
25.700242133333333,1591960500
25.79386393333333,1591961400
26.294516866666665,1591962300
26.7209514,1591963200
27.061141066666668,1591964100
27.073685666666663,1591965000
27.122843333333336,1591965900
27.410540933333333,1591966800
27.47486573333333,1591967700
27.546154666666663,1591968600
28.10111792857143,1591969500
28.347310466666663,1591970400
28.47677,1591971300
28.4605286,1591972200
28.428057933333328,1591973100
28.2338074,1591974000
28.035068666666664,1591974900
27.8538696,1591975800
27.934391200000004,1591976700
27.573211642857142,1591977600
27.3096638,1591978500
27.037646333333328,1591979400
26.854547133333337,1591980300
26.6788758,1591981200
26.388924133333333,1591982100
26.4417156,1591983000
26.462915066666664,1591983900
26.235536666666665,1591984800
25.90362353333333,1591985700
25.559803357142854,1591986600
25.324770066666662,1591987500
24.899776066666668,1591988400
24.384317933333328,1591989300
23.99760953333333,1591990200
23.60764766666667,1591991100
23.3088806,1591992000
23.036924333333328,1591992900
22.773077400000005,1591993800
22.748559142857147,1591994700
22.71641853333333,1591995600
22.585485866666662,1591996500
22.537847933333328,1591997400
22.53233033333333,1591998300
22.543857733333333,1591999200
22.565901533333328,1592000100
22.6292034,1592001000
22.599839266666667,1592001900
22.504606133333336,1592002800
22.398563857142857,1592003700
22.1450378,1592004600
21.820540333333334,1592005500
21.771612666666663,1592006400
21.73004566666667,1592007300
21.68706846666667,1592008200
21.619232066666665,1592009100
21.62596846666667,1592010000
21.6098348,1592010900
21.69312946666667,1592011800
21.82476585714286,1592012700
21.8943176,1592013600
21.80948073333333,1592014500
21.824768133333333,1592015400
21.762382066666667,1592016300
21.80184526666667,1592017200
21.800122066666667,1592018100
21.771885066666663,1592019000
21.751633733333332,1592019900
21.695316785714287,1592020800
21.687630066666667,1592021700
21.6996928,1592022600
21.70644933333333,1592023500
21.69656973333333,1592024400
21.651534,1592025300
21.506585666666663,1592026200
21.320007266666668,1592027100
21.28513,1592028000
21.227468,1592028900
21.14960933333333,1592029800
21.4259318,1592030700
22.15570466666667,1592031600
22.832635466666662,1592032500
23.55732406666667,1592033400
24.221519,1592034300
24.7192118,1592035200
25.18008221428571,1592036100
25.640753066666665,1592037000
26.137734,1592037900
26.32546173333333,1592038800
26.5877218,1592039700
26.939325000000004,1592040600
27.206691533333327,1592041500
27.573553600000004,1592042400
27.727917533333333,1592043300
28.03033873333333,1592044200
28.622085714285717,1592045100
28.6059632,1592046000
29.197790533333333,1592046900
29.45011986666667,1592047800
29.6048524,1592048700
29.6144756,1592049600
29.873128133333328,1592050500
29.448215866666665,1592051400
29.577811800000003,1592052300
30.0071574,1592053200
27.568512066666667,1592054100
27.409600500000003,1592055000
26.354994666666663,1592055900
26.66739493333333,1592056800
26.824531933333333,1592057700
26.771419266666665,1592058600
26.828759866666665,1592059500
27.583284533333337,1592060400
28.077185133333334,1592061300
28.1128438,1592062200
27.57890557142857,1592063100
27.66269933333333,1592064000
27.509313866666663,1592064900
26.81922213333333,1592065800
26.540883333333333,1592066700
26.300193266666668,1592067600
26.03677973333333,1592068500
25.933880733333336,1592069400
25.574387666666663,1592070300
25.404423357142857,1592071200
25.2186848,1592072100
24.8120402,1592073000
24.372711266666663,1592073900
24.117745,1592074800
24.000767066666665,1592075700
23.966170266666676,1592076600
23.870741666666667,1592077500
23.7636984,1592078400
23.71126457142857,1592079300
23.6953736,1592080200
23.479001866666664,1592081100
23.2034668,1592082000
23.0506512,1592082900
22.873112066666668,1592083800
22.8499696,1592084700
22.700738533333336,1592085600
22.5735414,1592086500
22.44969607142857,1592087400
22.265993133333332,1592088300
22.2271688,1592089200
22.3342062,1592090100
22.237394333333327,1592091000
22.205029333333336,1592091900
22.309425866666672,1592092800
22.28362820000001,1592093700
22.41726073333333,1592094600
22.447642785714287,1592095500
22.3396992,1592096400
22.3263162,1592097300
22.5932068,1592098200
22.831146266666664,1592099100
22.801694666666663,1592100000
22.66150713333333,1592100900
22.49683426666666,1592101800
22.413197866666668,1592102700
22.301548357142856,1592103600
22.193670666666662,1592104500
22.1761332,1592105400
22.184255066666665,1592106300
22.235868333333336,1592107200
22.29215506666667,1592108100
22.25429486666667,1592109000
22.1893432,1592109900
22.2997984,1592110800
22.43938771428571,1592111700
22.441363466666665,1592112600
22.522914733333334,1592113500
22.556378266666663,1592114400
22.56817026666667,1592115300
22.65616866666667,1592116200
22.915026866666665,1592117100
23.208211133333336,1592118000
23.6073304,1592118900
23.587081,1592119800
23.75348328571429,1592120700
23.90954793333333,1592121600
23.763501066666667,1592122500
23.90183135714286,1592123400
24.130067933333336,1592124300
24.52345993333333,1592125200
25.093788666666665,1592126100
25.808286599999995,1592127000
26.1179402,1592127900
26.354372285714287,1592128800
26.09553013333333,1592129700
26.36005846666667,1592130600
26.533363733333328,1592131500
27.081068733333336,1592132400
26.948706133333328,1592133300
26.8470704,1592134200
25.92304106666667,1592135100
25.218285714285717,1592136000
24.93256013333333,1592136900
24.945296133333336,1592137800
25.431060866666662,1592138700
25.37993566666667,1592139600
25.898872933333333,1592140500
26.6301878,1592141400
27.04890353333333,1592142300
27.848915600000005,1592143200
28.22232285714286,1592144100
27.5785664,1592145000
27.1061442,1592145900
26.949993866666667,1592146800
27.40871386666667,1592147700
27.449349066666663,1592148600
27.087241533333334,1592149500
27.05220753333333,1592150400
26.809796066666664,1592151300
26.423555642857146,1592152200
26.0342224,1592153100
25.98669446666667,1592154000
25.845591266666663,1592154900
25.6701172,1592155800
25.536855066666668,1592156700
25.3053914,1592157600
25.1361024,1592158500
25.052579666666663,1592159400
24.892543142857136,1592160300
24.703763866666662,1592161200
24.54298286666667,1592162100
24.398594266666667,1592163000
24.24910893333333,1592163900
24.07510986666667,1592164800
23.94650073333333,1592165700
23.86200773333333,1592166600
23.8368284,1592167500
23.87317121428572,1592168400
23.92025353333333,1592169300
23.86289053333333,1592170200
23.777291,1592171100
23.65113126666667,1592172000
23.649532,1592172900
23.607413666666663,1592173800
23.522460866666663,1592174700
23.3865622,1592175600
23.331081066666663,1592176500
23.44495271428572,1592177400
23.418153933333333,1592178300
23.369126333333337,1592179200
23.19021186666667,1592180100
23.111739066666665,1592181000
23.0380188,1592181900
23.0133788,1592182800
23.006721933333328,1592183700
22.5523254,1592184600
22.161108785714287,1592185500
22.0657084,1592186400
22.051059866666662,1592187300
22.064056266666665,1592188200
22.1327738,1592189100
22.138987400000005,1592190000
22.1016358,1592190900
22.132979333333335,1592191800
22.184287,1592192700
22.16874793333333,1592193600
21.67616773333333,1592194500
21.5948508,1592195400
21.5713258,1592196300
21.50873626666667,1592197200
21.424306066666663,1592198100
21.4322062,1592199000
21.4640382,1592199900
21.53003333333333,1592200800
21.65816592857143,1592201700
21.957159333333333,1592202600
22.312394333333334,1592203500
22.742930066666663,1592204400
23.27185253333333,1592205300
23.458431066666662,1592206200
23.83686933333333,1592207100
24.477518733333334,1592208000
25.257212400000004,1592208900
25.92686257142857,1592209800
26.066546666666667,1592210700
26.192445933333328,1592211600
26.40725306666667,1592212500
26.3895486,1592213400
26.80618086666667,1592214300
26.95370706666667,1592215200
27.5598856,1592216100
28.05028693333333,1592217000
27.778298642857145,1592217900
28.7853558,1592218800
28.371838400000005,1592219700
28.375455666666667,1592220600
28.39979053333333,1592221500
28.601291866666667,1592222400
28.851655933333333,1592223300
28.54629326666667,1592224200
28.7726258,1592225100
29.03071592857143,1592226000
29.107385266666668,1592226900
28.417808066666662,1592227800
27.856903133333333,1592228700
27.197220866666672,1592229600
26.7497132,1592230500
27.611472733333333,1592231400
27.82892866666667,1592232300
27.93405566666667,1592233200
28.178857466666667,1592234100
27.89843528571428,1592235000
28.1680522,1592235900
27.743865933333336,1592236800
27.32750646666667,1592237700
27.34741213333333,1592238600
27.16989953333333,1592239500
27.25204246666667,1592240400
26.9659322,1592241300
26.7447368,1592242200
26.740639133333328,1592243100
26.430651071428567,1592244000
26.3341512,1592244900
26.050742666666668,1592245800
25.35520226666667,1592246700
23.2409404,1592247600
22.767838466666667,1592248500
22.987856066666662,1592249400
23.20111713333333,1592250300
23.3763062,1592251200
23.397517642857142,1592252100
23.379569466666663,1592253000
23.297440666666667,1592253900
23.1545876,1592254800
23.025012266666664,1592255700
23.00178813333333,1592256600
22.969417266666667,1592257500
22.975063066666667,1592258400
23.13929433333333,1592259300
23.4763204,1592260200
23.61283221428572,1592261100
23.618847800000005,1592262000
23.602976466666668,1592262900
23.631050666666667,1592263800
23.641210800000003,1592264700
23.1030456,1592265600
22.853855133333333,1592266500
22.7012818,1592267400
22.620440733333336,1592268300
22.585764533333336,1592269200
22.654924857142856,1592270100
22.739894666666665,1592271000
22.727596,1592271900
22.6596518,1592272800
22.60989986666667,1592273700
22.58112373333333,1592274600
22.547627866666662,1592275500
22.499713000000003,1592276400
22.458070800000005,1592277300
22.399773714285715,1592278200
22.4348244,1592279100
22.5443968,1592280000
22.5694072,1592280900
22.590698266666667,1592281800
22.652595733333328,1592282700
22.692254533333333,1592283600
22.6955222,1592284500
22.571179266666665,1592285400
22.452933666666667,1592286300
22.494378142857144,1592287200
22.654567466666663,1592288100
22.7384398,1592289000
22.961183666666667,1592289900
23.138751200000005,1592290800
23.25484613333333,1592291700
23.595815066666667,1592292600
23.800502533333333,1592293500
24.273189266666662,1592294400
24.568143428571428,1592295300
24.833713600000003,1592296200
25.266322866666663,1592297100
25.405088333333328,1592298000
25.76177973333333,1592298900
26.016273933333327,1592299800
26.3412638,1592300700
26.7102622,1592301600
27.3343506,1592302500
27.42023371428571,1592303400
27.318863800000003,1592304300
27.994940266666667,1592305200
27.928853400000005,1592306100
27.818320733333337,1592307000
28.167818333333337,1592307900
27.874310399999995,1592308800
27.3941652,1592309700
27.964037071428567,1592310600
28.30027873333333,1592311500
27.9916526,1592312400
27.832635533333328,1592313300
28.40100513333333,1592314200
28.5019692,1592315100
28.79405306666667,1592316000
28.307661933333332,1592316900
28.7229654,1592317800
29.282915285714285,1592318700
28.405712933333334,1592319600
28.018060266666662,1592320500
27.99871413333333,1592321400
28.175795466666663,1592322300
28.046335933333328,1592323200
27.96042866666667,1592324100
27.695955466666668,1592325000
27.426601,1592325900
27.1594952,1592326800
26.824678533333337,1592327700
26.401951266666664,1592328600
26.144761066666668,1592329500
25.890207866666664,1592330400
25.614040133333333,1592331300
25.386586466666667,1592332200
25.18057035714285,1592333100
24.986523400000003,1592334000
24.872993933333333,1592334900
24.442285133333336,1592335800
24.105043466666668,1592336700
23.90370066666667,1592337600
23.837534466666664,1592338500
23.731559266666665,1592339400
23.63031613333333,1592340300
23.54011321428572,1592341200
23.47867833333333,1592342100
23.456827866666668,1592343000
23.27699386666667,1592343900
23.0816692,1592344800
22.92795193333333,1592345700
22.8635354,1592346600
22.87235926666667,1592347500
22.962205000000004,1592348400
22.947974214285715,1592349300
22.9250326,1592350200
22.8920044,1592351100
22.895672466666667,1592352000
22.868416400000005,1592352900
22.826764000000004,1592353800
22.795615466666668,1592354700
22.771451866666663,1592355600
22.74187364285714,1592356500
22.687184666666667,1592357400
22.602610333333327,1592358300
22.6269064,1592359200
22.6140116,1592360100
22.663737,1592361000
22.774051866666664,1592361900
22.852022266666665,1592362800
22.81974493333333,1592363700
22.77129513333333,1592364600
22.788774857142855,1592365500
22.8229758,1592366400
22.7428528,1592367300
22.554170733333333,1592368200
22.414825466666667,1592369100
22.35033773333333,1592370000
22.350765000000003,1592370900
22.17537633333333,1592371800
21.707153333333327,1592372700
21.69549992857143,1592373600
22.093398,1592374500
22.2756266,1592375400
22.335686384615386,1592376300
22.482625266666663,1592377200
22.711220200000003,1592378100
22.99848413333333,1592379000
23.364750200000003,1592379900
23.751955,1592380800
24.041337,1592381700
24.25599892857143,1592382600
24.443902533333333,1592383500
24.68842373333333,1592384400
24.982682266666668,1592385300
25.439449133333333,1592386200
25.527582066666668,1592387100
25.68465353333333,1592388000
25.957446399999995,1592388900
26.182826666666664,1592389800
26.47013421428571,1592390700
26.236733,1592391600
26.771500733333337,1592392500
27.251393533333328,1592393400
27.742724733333336,1592394300
28.4727662,1592395200
28.649094666666667,1592396100
28.941943333333327,1592397000
29.028007,1592397900
28.579515642857142,1592398800
28.496042933333328,1592399700
28.954923333333333,1592400600
29.05773106666667,1592401500
28.6523418,1592402400
28.22970173333333,1592403300
28.766581200000005,1592404200
29.11126313333333,1592405100
28.617018666666667,1592406000
27.914616214285715,1592406900
25.61776526666667,1592407800
23.556774866666668,1592408700
23.40352773333333,1592409600
24.1127868,1592410500
24.390767466666667,1592411400
24.2918964,1592412300
24.191860066666663,1592413200
24.196166857142856,1592414100
24.278403545454545,1592415000
24.17417021428572,1592415900
24.130348733333328,1592416800
24.038157333333327,1592417700
23.8402385,1592418600
23.5830486,1592419500
23.474888266666667,1592420400
23.489280266666665,1592421300
23.45561106666667,1592422200
23.0513224,1592423100
23.0032632,1592424000
22.890356333333337,1592424900
22.891965666666664,1592425800
22.8874295,1592426700
22.89988213333333,1592427600
22.892598466666666,1592428500
22.9965616,1592429400
23.137091,1592430300
22.563179466666668,1592431200
22.19922893333333,1592432100
22.171736666666664,1592433000
22.150569666666662,1592433900
22.129815666666666,1592434800
22.008274642857145,1592435700
21.96949473333333,1592436600
21.909287666666668,1592437500
